<?xml version="1.0" encoding="UTF-8" standalone="yes"?>
<Properties xmlns="http://schemas.openxmlformats.org/officeDocument/2006/extended-properties" xmlns:vt="http://schemas.openxmlformats.org/officeDocument/2006/docPropsVTypes"><Template></Template><Application>Microsoft Visio</Application><ScaleCrop>false</ScaleCrop><HeadingPairs><vt:vector size="4" baseType="variant"><vt:variant><vt:lpstr>Pages</vt:lpstr></vt:variant><vt:variant><vt:i4>2</vt:i4></vt:variant><vt:variant><vt:lpstr>Masters</vt:lpstr></vt:variant><vt:variant><vt:i4>17</vt:i4></vt:variant></vt:vector></HeadingPairs><TitlesOfParts><vt:vector size="19" baseType="lpstr"><vt:lpstr>Page-1</vt:lpstr><vt:lpstr>VBackground-1</vt:lpstr><vt:lpstr>Nexus 5000</vt:lpstr><vt:lpstr>Cisco 5500 Family </vt:lpstr><vt:lpstr>Router- Color and Router- Color and subdued  </vt:lpstr><vt:lpstr>Router w/Silicon Switch </vt:lpstr><vt:lpstr>Line with extensions</vt:lpstr><vt:lpstr>2-line bus</vt:lpstr><vt:lpstr>Dot &amp; arrow</vt:lpstr><vt:lpstr>PC</vt:lpstr><vt:lpstr>Ellipse</vt:lpstr><vt:lpstr>World</vt:lpstr><vt:lpstr>Technic</vt:lpstr><vt:lpstr>None </vt:lpstr><vt:lpstr>Solid</vt:lpstr><vt:lpstr>Oriel</vt:lpstr><vt:lpstr>None .24</vt:lpstr><vt:lpstr>Circle</vt:lpstr><vt:lpstr>Dynamic connector</vt:lpstr></vt:vector></TitlesOfParts><Manager></Manager><Company></Company><LinksUpToDate>false</LinksUpToDate><SharedDoc>false</SharedDoc><HyperlinkBase></HyperlinkBase><HyperlinksChanged>false</HyperlinksChanged><AppVersion>16.0000</AppVersion></Properties>