<?xml version="1.0" encoding="UTF-8" standalone="yes"?>
<cp:coreProperties xmlns:cp="http://schemas.openxmlformats.org/package/2006/metadata/core-properties" xmlns:dc="http://purl.org/dc/elements/1.1/" xmlns:dcterms="http://purl.org/dc/terms/" xmlns:dcmitype="http://purl.org/dc/dcmitype/" xmlns:xsi="http://www.w3.org/2001/XMLSchema-instance"><dc:title></dc:title><dc:subject></dc:subject><dc:creator>abhay bedi</dc:creator><cp:keywords></cp:keywords><dc:description></dc:description><cp:lastPrinted>2017-03-30T18:40:14Z</cp:lastPrinted><dcterms:created xsi:type="dcterms:W3CDTF">2017-03-30T18:40:14Z</dcterms:created><dcterms:modified xsi:type="dcterms:W3CDTF">2017-04-05T21:42:16Z</dcterms:modified><cp:category></cp:category><dc:language>en-CA</dc:language></cp:coreProperties>