<?xml version='1.0' encoding='utf-8' ?>
<PageContents xmlns='http://schemas.microsoft.com/office/visio/2012/main' xmlns:r='http://schemas.openxmlformats.org/officeDocument/2006/relationships' xml:space='preserve'><Shapes><Shape ID='1' NameU='Solid' Name='Solid' Type='Shape' Master='22'><Cell N='PinX' V='5.846456692913386' F='Inh'/><Cell N='PinY' V='4.133858267716535' F='Inh'/><Cell N='Width' V='11.69291338582677' F='Inh'/><Cell N='Height' V='8.26771653543307' F='Inh'/><Cell N='LocPinX' V='5.846456692913386' F='Inh'/><Cell N='LocPinY' V='4.133858267716535' F='Inh'/><Cell N='EventDrop' V='0'/><Cell N='FillForegnd' V='#f2f2f2' F='THEMEGUARD(MSOTINT(RGB(255,255,255),-5))'/><Cell N='FillBkgnd' V='#f5f5f5' F='THEMEGUARD(SHADE(FillForegnd,LUMDIFF(THEMEVAL("FillColor"),THEMEVAL("FillColor2"))))'/><Section N='User'><Row N='msvVisioCreated'><Cell N='Value' V='0'/><Cell N='Prompt' V=''/></Row></Section><Section N='Geometry' IX='0'><Row T='MoveTo' IX='1'><Cell N='X' V='0' F='Inh'/><Cell N='Y' V='0' F='Inh'/></Row><Row T='LineTo' IX='2'><Cell N='X' V='11.69291338582677' F='Inh'/><Cell N='Y' V='0' F='Inh'/></Row><Row T='LineTo' IX='3'><Cell N='X' V='11.69291338582677' F='Inh'/><Cell N='Y' V='8.26771653543307' F='Inh'/></Row><Row T='LineTo' IX='4'><Cell N='X' V='0' F='Inh'/><Cell N='Y' V='8.26771653543307' F='Inh'/></Row><Row T='LineTo' IX='5'><Cell N='X' V='0' F='Inh'/><Cell N='Y' V='0' F='Inh'/></Row></Section></Shape></Shapes></PageContents>