<?xml version='1.0' encoding='utf-8' ?>
<Pages xmlns='http://schemas.microsoft.com/office/visio/2012/main' xmlns:r='http://schemas.openxmlformats.org/officeDocument/2006/relationships' xml:space='preserve'><Page ID='5' NameU='VBackground-1' IsCustomNameU='1' Name='VBackground-1' IsCustomName='1' Background='1' ViewScale='-1' ViewCenterX='0' ViewCenterY='0'><PageSheet LineStyle='0' FillStyle='0' TextStyle='0'><Cell N='PageWidth' V='11.69291338582677'><RefBy T='Page' ID='5'/></Cell><Cell N='PageHeight' V='8.26771653543307'><RefBy T='Page' ID='5'/></Cell><Cell N='ShdwOffsetX' V='0.1181102362204724'/><Cell N='ShdwOffsetY' V='-0.1181102362204724'/><Cell N='PageScale' V='0.03937007874015748' U='MM'/><Cell N='DrawingScale' V='0.03937007874015748' U='MM'/><Cell N='DrawingSizeType' V='0'/><Cell N='DrawingScaleType' V='0'/><Cell N='InhibitSnap' V='0'/><Cell N='PageLockReplace' V='0' U='BOOL'/><Cell N='PageLockDuplicate' V='0' U='BOOL'/><Cell N='UIVisibility' V='0'/><Cell N='ShdwType' V='0'/><Cell N='ShdwObliqueAngle' V='0'/><Cell N='ShdwScaleFactor' V='1'/><Cell N='DrawingResizeType' V='1'/><Cell N='PrintPageOrientation' V='2'/><Cell N='PageShapeSplit' V='1'/><Cell N='XRulerOrigin' V='-7.76771653543307'/><Cell N='YRulerOrigin' V='-7.76771653543307'/><Cell N='XGridOrigin' V='-7.76771653543307'/><Cell N='YGridOrigin' V='-7.76771653543307'/><Section N='User'><Row N='msvVisioCreated'><Cell N='Value' V='0'/><Cell N='Prompt' V=''/></Row></Section></PageSheet><Rel r:id='rId1'/></Page><Page ID='0' NameU='Page-1' Name='Page-1' BackPage='5' ViewScale='2' ViewCenterX='7.6538543896962' ViewCenterY='6.9545174403839'><PageSheet LineStyle='0' FillStyle='0' TextStyle='0'><Cell N='PageWidth' V='11.69291338582677'/><Cell N='PageHeight' V='8.26771653543307'/><Cell N='ShdwOffsetX' V='0.1181102362204724'/><Cell N='ShdwOffsetY' V='-0.1181102362204724'/><Cell N='PageScale' V='0.03937007874015748' U='MM'><RefBy T='Page' ID='0'/></Cell><Cell N='DrawingScale' V='0.03937007874015748' U='MM'><RefBy T='Page' ID='0'/></Cell><Cell N='DrawingSizeType' V='0'/><Cell N='DrawingScaleType' V='0'/><Trigger N='RecalcColor'><RefBy T='Page' ID='0'/></Trigger><Cell N='InhibitSnap' V='0'/><Cell N='PageLockReplace' V='0' U='BOOL'/><Cell N='PageLockDuplicate' V='0' U='BOOL'/><Cell N='UIVisibility' V='0'/><Cell N='ShdwType' V='0'/><Cell N='ShdwObliqueAngle' V='0'/><Cell N='ShdwScaleFactor' V='1'/><Cell N='DrawingResizeType' V='1'/><Cell N='PageShapeSplit' V='1'/><Cell N='XRulerOrigin' V='-7.76771653543307'/><Cell N='YRulerOrigin' V='-7.76771653543307'/><Cell N='XGridOrigin' V='-7.76771653543307'/><Cell N='YGridOrigin' V='-7.76771653543307'/><Cell N='PrintPageOrientation' V='2'/><Section N='Layer'><Row IX='0'><Cell N='Name' V='Electrical'/><Cell N='Color' V='255'/><Cell N='Status' V='0'/><Cell N='Visible' V='1'/><Cell N='Print' V='1'/><Cell N='Active' V='0'/><Cell N='Lock' V='0'/><Cell N='Snap' V='1'/><Cell N='Glue' V='1'/><Cell N='NameUniv' V='Electrical'/><Cell N='ColorTrans' V='0'/></Row><Row IX='1'><Cell N='Name' V='Container'/><Cell N='Color' V='255'/><Cell N='Status' V='0'/><Cell N='Visible' V='1'/><Cell N='Print' V='1'/><Cell N='Active' V='0'/><Cell N='Lock' V='0'/><Cell N='Snap' V='1'/><Cell N='Glue' V='1'/><Cell N='NameUniv' V='Container'/><Cell N='ColorTrans' V='0'/></Row><Row IX='2'><Cell N='Name' V='3D Depth'/><Cell N='Color' V='255'/><Cell N='Status' V='0'/><Cell N='Visible' V='1'/><Cell N='Print' V='1'/><Cell N='Active' V='0'/><Cell N='Lock' V='0'/><Cell N='Snap' V='1'/><Cell N='Glue' V='1'/><Cell N='NameUniv' V='3D Depth'/><Cell N='ColorTrans' V='0'/></Row><Row IX='3'><Cell N='Name' V='Connector'/><Cell N='Color' V='255'/><Cell N='Status' V='0'/><Cell N='Visible' V='1'/><Cell N='Print' V='1'/><Cell N='Active' V='0'/><Cell N='Lock' V='0'/><Cell N='Snap' V='1'/><Cell N='Glue' V='1'/><Cell N='NameUniv' V='Connector'/><Cell N='ColorTrans' V='0'/></Row></Section></PageSheet><Rel r:id='rId2'/></Page></Pages>