<?xml version='1.0' encoding='utf-8' ?>
<Windows ClientWidth='1366' ClientHeight='548' xmlns='http://schemas.microsoft.com/office/visio/2012/main' xmlns:r='http://schemas.openxmlformats.org/officeDocument/2006/relationships' xml:space='preserve'><Window ID='0' WindowType='Drawing' WindowState='1073741824' WindowLeft='-8' WindowTop='-31' WindowWidth='1378' WindowHeight='587' ContainerType='Page' Page='0' ViewScale='2' ViewCenterX='7.6538543896962' ViewCenterY='6.9545174403839'><ShowRulers>1</ShowRulers><ShowGrid>0</ShowGrid><ShowPageBreaks>1</ShowPageBreaks><ShowGuides>1</ShowGuides><ShowConnectionPoints>1</ShowConnectionPoints><GlueSettings>9</GlueSettings><SnapSettings>65847</SnapSettings><SnapExtensions>34</SnapExtensions><SnapAngles/><DynamicGridEnabled>1</DynamicGridEnabled><TabSplitterPos>0.5</TabSplitterPos></Window><Window ID='1' WindowType='Stencil' WindowState='1025' WindowLeft='0' WindowTop='-10' WindowWidth='247' WindowHeight='541' Document='C:\Program Files (x86)\Microsoft Office\root\Office16\visio content\1033\LINPAT_M.VSSX' ParentWindow='0'><StencilGroup>10</StencilGroup><StencilGroupPos>1</StencilGroupPos></Window><Window ID='2' WindowType='Stencil' WindowState='1025' WindowLeft='0' WindowTop='-10' WindowWidth='247' WindowHeight='541' Document='C:\Program Files (x86)\Microsoft Office\root\Office16\visio content\1033\PTSCLD_M.VSSX' ParentWindow='0'><StencilGroup>10</StencilGroup><StencilGroupPos>2</StencilGroupPos></Window><Window ID='3' WindowType='Stencil' WindowState='1025' WindowLeft='0' WindowTop='-10' WindowWidth='247' WindowHeight='541' Document='C:\Program Files (x86)\Microsoft Office\root\Office16\visio content\1033\DRAWTL_M.VSSX' ParentWindow='0'><StencilGroup>10</StencilGroup><StencilGroupPos>3</StencilGroupPos></Window><Window ID='4' WindowType='Stencil' WindowState='1025' WindowLeft='0' WindowTop='-10' WindowWidth='247' WindowHeight='541' Document='C:\Program Files (x86)\Microsoft Office\root\Office16\visio content\1033\ARROWS_M.VSSX' ParentWindow='0'><StencilGroup>10</StencilGroup><StencilGroupPos>4</StencilGroupPos></Window><Window ID='5' WindowType='Stencil' WindowState='1025' WindowLeft='0' WindowTop='-10' WindowWidth='247' WindowHeight='541' Document='C:\Program Files (x86)\Microsoft Office\root\Office16\visio content\1033\BASFLO_M.VSSX' ParentWindow='0'><StencilGroup>10</StencilGroup><StencilGroupPos>5</StencilGroupPos></Window><Window ID='6' WindowType='Stencil' WindowState='1025' WindowLeft='0' WindowTop='-10' WindowWidth='247' WindowHeight='541' Document='C:\Program Files (x86)\Microsoft Office\root\Office16\visio content\1033\BA_GRP_M.VSSX' ParentWindow='0'><StencilGroup>10</StencilGroup><StencilGroupPos>6</StencilGroupPos></Window><Window ID='7' WindowType='Stencil' WindowState='1025' WindowLeft='0' WindowTop='-10' WindowWidth='247' WindowHeight='541' Document='C:\Program Files (x86)\Microsoft Office\root\Office16\visio content\1033\BA_DEC_M.VSSX' ParentWindow='0'><StencilGroup>10</StencilGroup><StencilGroupPos>7</StencilGroupPos></Window><Window ID='8' WindowType='Stencil' WindowState='1025' WindowLeft='0' WindowTop='-10' WindowWidth='247' WindowHeight='541' Document='C:\Program Files (x86)\Microsoft Office\root\Office16\visio content\1033\BLOCKP_M.VSSX' ParentWindow='0'><StencilGroup>10</StencilGroup><StencilGroupPos>8</StencilGroupPos></Window><Window ID='9' WindowType='Stencil' WindowState='1025' WindowLeft='0' WindowTop='-10' WindowWidth='247' WindowHeight='541' Document='C:\Program Files (x86)\Microsoft Office\root\Office16\visio content\1033\BLOCK3_M.VSSX' ParentWindow='0'><StencilGroup>10</StencilGroup><StencilGroupPos>9</StencilGroupPos></Window><Window ID='10' WindowType='Stencil' WindowState='1025' WindowLeft='0' WindowTop='-10' WindowWidth='247' WindowHeight='541' Document='C:\Program Files (x86)\Microsoft Office\root\Office16\visio content\1033\BLOCK_M.VSSX' ParentWindow='0'><StencilGroup>10</StencilGroup><StencilGroupPos>10</StencilGroupPos></Window><Window ID='11' WindowType='Stencil' WindowState='1025' WindowLeft='0' WindowTop='-10' WindowWidth='247' WindowHeight='541' Document='C:\Program Files (x86)\Microsoft Office\root\Office16\visio content\1033\BASIC_M.VSSX' ParentWindow='0'><StencilGroup>10</StencilGroup><StencilGroupPos>11</StencilGroupPos></Window></Windows>