<?xml version='1.0' encoding='utf-8' ?>
<MasterContents xmlns='http://schemas.microsoft.com/office/visio/2012/main' xmlns:r='http://schemas.openxmlformats.org/officeDocument/2006/relationships' xml:space='preserve'><Shapes><Shape ID='5' Type='Group' LineStyle='3' FillStyle='3' TextStyle='3'><Cell N='PinX' V='1.968503937007874' U='MM'/><Cell N='PinY' V='1.968503937007874' U='MM'/><Cell N='Width' V='0.984251968503937' U='MM'/><Cell N='Height' V='0.984251968503937' U='MM'/><Cell N='LocPinX' V='0.4921259842519685' U='MM' F='Width*0.5'/><Cell N='LocPinY' V='0.4921259842519685' U='MM' F='Height*0.5'/><Cell N='Angle' V='0'/><Cell N='FlipX' V='0'/><Cell N='FlipY' V='0'/><Cell N='ResizeMode' V='0'/><Cell N='TxtPinX' V='0.4921259842519685' U='MM' F='Width*0.5'/><Cell N='TxtPinY' V='-0.1388888888888889' F='SETATREF(Controls.visSSTXT.Y)'/><Cell N='TxtWidth' V='0.1111111111111111' F='MIN(TEXTWIDTH(TheText),Width*2.5)'/><Cell N='TxtHeight' V='0.2777777777777778' F='TEXTHEIGHT(TheText,TxtWidth)'/><Cell N='TxtLocPinX' V='0.05555555555555555' F='TxtWidth*0.5'/><Cell N='TxtLocPinY' V='0.1388888888888889' F='TxtHeight*0.5'/><Cell N='TxtAngle' V='0' F='IF(BITXOR(FlipX,FlipY),1,-1)*Angle'/><Cell N='Rounding' V='0'/><Cell N='ShapeShdwShow' V='1'/><Cell N='ObjType' V='1'/><Cell N='LangID' V='en-US' F='Inh'/><Cell N='LockGroup' V='1'/><Cell N='SelectMode' V='0'/><Cell N='IsSnapTarget' V='0'/><Cell N='EventDblClick' V='0' F='OPENTEXTWIN()'/><Cell N='HelpTopic' V='Vis_PRXY.chm!#60383'/><Cell N='Copyright' V='Copyright (c) 2012 Microsoft Corporation.  All rights reserved.'/><Section N='Property'><Row N='AssetNumber'><Cell N='Value' V='0' F='No Formula'/><Cell N='Prompt' V=''/><Cell N='Label' V='Asset Number'/><Cell N='Format' V=''/><Cell N='SortKey' V='Asset'/><Cell N='Type' V='0'/><Cell N='Invisible' V='0'/><Cell N='Verify' V='0'/><Cell N='DataLinked' V='0'/><Cell N='LangID' V='en-US'/><Cell N='Calendar' V='0'/></Row><Row N='SerialNumber'><Cell N='Value' V='0' F='No Formula'/><Cell N='Prompt' V=''/><Cell N='Label' V='Serial Number'/><Cell N='Format' V=''/><Cell N='SortKey' V='Asset'/><Cell N='Type' V='0'/><Cell N='Invisible' V='0'/><Cell N='Verify' V='0'/><Cell N='DataLinked' V='0'/><Cell N='LangID' V='en-US'/><Cell N='Calendar' V='0'/></Row><Row N='Location'><Cell N='Value' V='0' F='No Formula'/><Cell N='Prompt' V=''/><Cell N='Label' V='Location'/><Cell N='Format' V=''/><Cell N='SortKey' V='Asset'/><Cell N='Type' V='0'/><Cell N='Invisible' V='0'/><Cell N='Verify' V='0'/><Cell N='DataLinked' V='0'/><Cell N='LangID' V='en-US'/><Cell N='Calendar' V='0'/></Row><Row N='Building'><Cell N='Value' V='0' F='No Formula'/><Cell N='Prompt' V=''/><Cell N='Label' V='Building'/><Cell N='Format' V=''/><Cell N='SortKey' V='Asset'/><Cell N='Type' V='0'/><Cell N='Invisible' V='0'/><Cell N='Verify' V='0'/><Cell N='DataLinked' V='0'/><Cell N='LangID' V='en-US'/><Cell N='Calendar' V='0'/></Row><Row N='Room'><Cell N='Value' V='0' F='No Formula'/><Cell N='Prompt' V=''/><Cell N='Label' V='Room'/><Cell N='Format' V=''/><Cell N='SortKey' V='Asset'/><Cell N='Type' V='0'/><Cell N='Invisible' V='0'/><Cell N='Verify' V='0'/><Cell N='DataLinked' V='0'/><Cell N='LangID' V='en-US'/><Cell N='Calendar' V='0'/></Row><Row N='Manufacturer'><Cell N='Value' V='0' F='No Formula'/><Cell N='Prompt' V=''/><Cell N='Label' V='Manufacturer'/><Cell N='Format' V=''/><Cell N='SortKey' V='Equipment'/><Cell N='Type' V='0'/><Cell N='Invisible' V='0'/><Cell N='Verify' V='0'/><Cell N='DataLinked' V='0'/><Cell N='LangID' V='en-US'/><Cell N='Calendar' V='0'/></Row><Row N='ProductNumber'><Cell N='Value' V='0' F='No Formula'/><Cell N='Prompt' V=''/><Cell N='Label' V='Product Number'/><Cell N='Format' V=''/><Cell N='SortKey' V='Equipment'/><Cell N='Type' V='0'/><Cell N='Invisible' V='0'/><Cell N='Verify' V='0'/><Cell N='DataLinked' V='0'/><Cell N='LangID' V='en-US'/><Cell N='Calendar' V='0'/></Row><Row N='PartNumber'><Cell N='Value' V='0' F='No Formula'/><Cell N='Prompt' V=''/><Cell N='Label' V='Part Number'/><Cell N='Format' V=''/><Cell N='SortKey' V='Equipment'/><Cell N='Type' V='0'/><Cell N='Invisible' V='0'/><Cell N='Verify' V='0'/><Cell N='DataLinked' V='0'/><Cell N='LangID' V='en-US'/><Cell N='Calendar' V='0'/></Row><Row N='ProductDescription'><Cell N='Value' V='0' F='No Formula'/><Cell N='Prompt' V=''/><Cell N='Label' V='Product Description'/><Cell N='Format' V=''/><Cell N='SortKey' V='Equipment'/><Cell N='Type' V='0'/><Cell N='Invisible' V='0'/><Cell N='Verify' V='0'/><Cell N='DataLinked' V='0'/><Cell N='LangID' V='en-US'/><Cell N='Calendar' V='0'/></Row><Row N='NetworkName'><Cell N='Value' V='0' F='No Formula'/><Cell N='Prompt' V=''/><Cell N='Label' V='Network Name'/><Cell N='Format' V=''/><Cell N='SortKey' V='Network'/><Cell N='Type' V='0'/><Cell N='Invisible' V='0'/><Cell N='Verify' V='0'/><Cell N='DataLinked' V='0'/><Cell N='LangID' V='en-US'/><Cell N='Calendar' V='0'/></Row><Row N='IPAddress'><Cell N='Value' V='0' F='No Formula'/><Cell N='Prompt' V=''/><Cell N='Label' V='IP Address'/><Cell N='Format' V=''/><Cell N='SortKey' V='Network'/><Cell N='Type' V='0'/><Cell N='Invisible' V='0'/><Cell N='Verify' V='0'/><Cell N='DataLinked' V='0'/><Cell N='LangID' V='en-US'/><Cell N='Calendar' V='0'/></Row><Row N='SubnetMask'><Cell N='Value' V='0' F='No Formula'/><Cell N='Prompt' V=''/><Cell N='Label' V='Subnet Mask'/><Cell N='Format' V=''/><Cell N='SortKey' V='Network'/><Cell N='Type' V='0'/><Cell N='Invisible' V='0'/><Cell N='Verify' V='0'/><Cell N='DataLinked' V='0'/><Cell N='LangID' V='en-US'/><Cell N='Calendar' V='0'/></Row><Row N='AdminInterface'><Cell N='Value' V='0' F='No Formula'/><Cell N='Prompt' V=''/><Cell N='Label' V='Administrative Interface'/><Cell N='Format' V=''/><Cell N='SortKey' V='Network'/><Cell N='Type' V='0'/><Cell N='Invisible' V='0'/><Cell N='Verify' V='0'/><Cell N='DataLinked' V='0'/><Cell N='LangID' V='en-US'/><Cell N='Calendar' V='0'/></Row><Row N='NumberofPorts'><Cell N='Value' V='0' F='No Formula'/><Cell N='Prompt' V=''/><Cell N='Label' V='Number of Ports'/><Cell N='Format' V=''/><Cell N='SortKey' V='Network'/><Cell N='Type' V='0'/><Cell N='Invisible' V='0'/><Cell N='Verify' V='0'/><Cell N='DataLinked' V='0'/><Cell N='LangID' V='en-US'/><Cell N='Calendar' V='0'/></Row><Row N='CommunityString'><Cell N='Value' V='0' F='No Formula'/><Cell N='Prompt' V=''/><Cell N='Label' V='Community String'/><Cell N='Format' V=''/><Cell N='SortKey' V='Network'/><Cell N='Type' V='0'/><Cell N='Invisible' V='0'/><Cell N='Verify' V='0'/><Cell N='DataLinked' V='0'/><Cell N='LangID' V='en-US'/><Cell N='Calendar' V='0'/></Row><Row N='NetworkDescription'><Cell N='Value' V='0' F='No Formula'/><Cell N='Prompt' V=''/><Cell N='Label' V='Network Description'/><Cell N='Format' V=''/><Cell N='SortKey' V='Network'/><Cell N='Type' V='0'/><Cell N='Invisible' V='0'/><Cell N='Verify' V='0'/><Cell N='DataLinked' V='0'/><Cell N='LangID' V='en-US'/><Cell N='Calendar' V='0'/></Row><Row N='MACAddress'><Cell N='Value' V='0' F='No Formula'/><Cell N='Prompt' V=''/><Cell N='Label' V='MAC Address'/><Cell N='Format' V=''/><Cell N='SortKey' V='Network'/><Cell N='Type' V='0'/><Cell N='Invisible' V='0'/><Cell N='Verify' V='0'/><Cell N='DataLinked' V='0'/><Cell N='LangID' V='en-US'/><Cell N='Calendar' V='0'/></Row><Row N='CPU'><Cell N='Value' V='0' F='No Formula'/><Cell N='Prompt' V=''/><Cell N='Label' V='CPU'/><Cell N='Format' V=''/><Cell N='SortKey' V='Workstation'/><Cell N='Type' V='0'/><Cell N='Invisible' V='0'/><Cell N='Verify' V='0'/><Cell N='DataLinked' V='0'/><Cell N='LangID' V='en-US'/><Cell N='Calendar' V='0'/></Row><Row N='Memory'><Cell N='Value' V='0' F='No Formula'/><Cell N='Prompt' V=''/><Cell N='Label' V='Memory'/><Cell N='Format' V=''/><Cell N='SortKey' V='Workstation'/><Cell N='Type' V='0'/><Cell N='Invisible' V='0'/><Cell N='Verify' V='0'/><Cell N='DataLinked' V='0'/><Cell N='LangID' V='en-US'/><Cell N='Calendar' V='0'/></Row><Row N='OperatingSystem'><Cell N='Value' V='0' F='No Formula'/><Cell N='Prompt' V=''/><Cell N='Label' V='Operating System'/><Cell N='Format' V=''/><Cell N='SortKey' V='Workstation'/><Cell N='Type' V='0'/><Cell N='Invisible' V='0'/><Cell N='Verify' V='0'/><Cell N='DataLinked' V='0'/><Cell N='LangID' V='en-US'/><Cell N='Calendar' V='0'/></Row><Row N='HardDriveSize'><Cell N='Value' V='0' F='No Formula'/><Cell N='Prompt' V=''/><Cell N='Label' V='Hard Drive Capacity'/><Cell N='Format' V=''/><Cell N='SortKey' V='Workstation'/><Cell N='Type' V='0'/><Cell N='Invisible' V='0'/><Cell N='Verify' V='0'/><Cell N='DataLinked' V='0'/><Cell N='LangID' V='en-US'/><Cell N='Calendar' V='0'/></Row><Row N='Department'><Cell N='Value' V='0' F='No Formula'/><Cell N='Prompt' V=''/><Cell N='Label' V='Department'/><Cell N='Format' V=''/><Cell N='SortKey' V=''/><Cell N='Type' V='0'/><Cell N='Invisible' V='0'/><Cell N='Verify' V='0'/><Cell N='DataLinked' V='0'/><Cell N='LangID' V='en-US'/><Cell N='Calendar' V='0'/></Row><Row N='ShapeClass'><Cell N='Value' V='Equipment' U='STR'/><Cell N='Prompt' V=''/><Cell N='Label' V='ShapeClass'/><Cell N='Format' V=''/><Cell N='SortKey' V=''/><Cell N='Type' V='0'/><Cell N='Invisible' V='1'/><Cell N='Verify' V='0'/><Cell N='DataLinked' V='0'/><Cell N='LangID' V='en-US'/><Cell N='Calendar' V='0'/></Row><Row N='ShapeType'><Cell N='Value' V='Computer' U='STR'/><Cell N='Prompt' V=''/><Cell N='Label' V='ShapeType'/><Cell N='Format' V=''/><Cell N='SortKey' V=''/><Cell N='Type' V='0'/><Cell N='Invisible' V='1'/><Cell N='Verify' V='0'/><Cell N='DataLinked' V='0'/><Cell N='LangID' V='en-US'/><Cell N='Calendar' V='0'/></Row><Row N='SubShapeType'><Cell N='Value' V='Desktop' U='STR'/><Cell N='Prompt' V=''/><Cell N='Label' V='SubShapeType'/><Cell N='Format' V=''/><Cell N='SortKey' V=''/><Cell N='Type' V='0'/><Cell N='Invisible' V='1'/><Cell N='Verify' V='0'/><Cell N='DataLinked' V='0'/><Cell N='LangID' V='en-US'/><Cell N='Calendar' V='0'/></Row><Row N='BelongsTo'><Cell N='Value' V='0' F='No Formula'/><Cell N='Prompt' V=''/><Cell N='Label' V='Belongs To'/><Cell N='Format' V=''/><Cell N='SortKey' V=''/><Cell N='Type' V='0'/><Cell N='Invisible' V='1'/><Cell N='Verify' V='0'/><Cell N='DataLinked' V='0'/><Cell N='LangID' V='en-US'/><Cell N='Calendar' V='0'/></Row></Section><Section N='User'><Row N='visVersion'><Cell N='Value' V='15'/><Cell N='Prompt' V=''/></Row><Row N='ShapeClass'><Cell N='Value' V='5'/><Cell N='Prompt' V=''/></Row><Row N='SolSH'><Cell N='Value' V='{BF0433D9-CD73-4EB5-8390-8653BE590246}' U='GUID'/><Cell N='Prompt' V=''/></Row><Row N='visLegendShape'><Cell N='Value' V='2'/><Cell N='Prompt' V=''/></Row></Section><Section N='Control'><Row N='visSSTXT'><Cell N='X' V='0.4921259842519685' U='MM' F='Width*0.5'/><Cell N='Y' V='-0.1388888888888889' F='-(IF(MODULUS(Angle,180DEG)=0DEG,TxtHeight/2,IF(MODULUS(Angle,180DEG)=90DEG,TxtWidth/2,MIN(ABS(TxtHeight/2/COS(Angle))+ABS(TAN(Angle)*Width/2),ABS(TxtWidth/2/SIN(Angle))+ABS(Width/2/TAN(Angle)),0.5*(ABS(SIN(Angle))*TxtWidth+ABS(COS(Angle))*TxtHeight)))))'/><Cell N='XDyn' V='0.4921259842519685' U='MM' F='Controls.visSSTXT'/><Cell N='YDyn' V='-0.1388888888888889' F='Controls.visSSTXT.Y'/><Cell N='XCon' V='5' F='((Controls.visSSTXT&lt;0)*2)+((Controls.visSSTXT&gt;Width)*4)+IF(OR(HideText,STRSAME(SHAPETEXT(TheText),"")),5,0)'/><Cell N='YCon' V='2' F='((Controls.visSSTXT.Y&lt;0)*2)+((Controls.visSSTXT.Y&gt;Height)*4)'/><Cell N='CanGlue' V='0'/><Cell N='Prompt' V='Reposition Text'/></Row></Section><Section N='Connection'><Row IX='0'><Cell N='X' V='0.4921259842519685' U='MM' F='Width*0.5'/><Cell N='Y' V='0.4921259842519685' U='MM' F='Height*0.5'/><Cell N='DirX' V='0'/><Cell N='DirY' V='0'/><Cell N='Type' V='0'/><Cell N='AutoGen' V='0'/><Cell N='Prompt' V='' F='No Formula'/></Row></Section><Section N='Character'><Row IX='0'><Cell N='Color' V='#4d1e1a' F='IF(LUM(THEMEVAL("BackgroundColor"))&gt;120,SHADE(THEMEVAL(QuickStyleFillColor),75),THEMEVAL("Light"))'/><Cell N='Size' V='0.1388888888888889' U='PT'/></Row></Section><Shapes><Shape ID='6' Type='Shape' LineStyle='3' FillStyle='3' TextStyle='3'><Cell N='PinX' V='0.4921259842519685' U='MM' F='Sheet.5!Width*0.5'/><Cell N='PinY' V='0.4921259842519685' U='MM' F='Sheet.5!Height*0.5'/><Cell N='Width' V='0.984251968503937' U='MM' F='Sheet.5!Width*1'/><Cell N='Height' V='0.8529693578430216' U='MM' F='Sheet.5!Height*0.86661686756851'/><Cell N='LocPinX' V='0.4921259842519685' U='MM' F='Width*0.5'/><Cell N='LocPinY' V='0.4264846789215108' U='MM' F='Height*0.5'/><Cell N='Angle' V='0'/><Cell N='FlipX' V='0'/><Cell N='FlipY' V='0'/><Cell N='ResizeMode' V='0'/><Cell N='Rounding' V='0'/><Cell N='ShapeShdwShow' V='1'/><Cell N='ReflectionSize' V='0' F='GUARD(0)'/><Cell N='Copyright' V='Copyright (c) 2012 Microsoft Corporation.  All rights reserved.'/><Cell N='LangID' V='en-US' F='Inh'/><Section N='Geometry' IX='0'><Cell N='NoFill' V='0'/><Cell N='NoLine' V='0'/><Cell N='NoShow' V='0'/><Cell N='NoSnap' V='0'/><Cell N='NoQuickDrag' V='0'/><Row T='RelMoveTo' IX='1'><Cell N='X' V='0.6774144035364211'/><Cell N='Y' V='0.2833831221735481'/></Row><Row T='RelLineTo' IX='2'><Cell N='X' V='0.6774144035364211'/><Cell N='Y' V='0.1859701739263916'/></Row><Row T='RelLineTo' IX='3'><Cell N='X' V='0.7284755336348542'/><Cell N='Y' V='0.1859701739263916'/></Row><Row T='RelLineTo' IX='4'><Cell N='X' V='0.7766934672224144'/><Cell N='Y' V='0.1162106953513339'/></Row><Row T='RelLineTo' IX='5'><Cell N='X' V='1'/><Cell N='Y' V='0.1162106953513339'/></Row><Row T='RelLineTo' IX='6'><Cell N='X' V='1'/><Cell N='Y' V='1'/></Row><Row T='RelLineTo' IX='7'><Cell N='X' V='0.6774144035364211'/><Cell N='Y' V='1'/></Row><Row T='RelLineTo' IX='8'><Cell N='X' V='0.6774144035364211'/><Cell N='Y' V='0.8732214587816143'/></Row><Row T='RelLineTo' IX='9'><Cell N='X' V='0.8157808523090432'/><Cell N='Y' V='0.8732214587816143'/></Row><Row T='RelLineTo' IX='10'><Cell N='X' V='0.8157808523090432'/><Cell N='Y' V='0.2833831221735481'/></Row><Row T='RelLineTo' IX='11'><Cell N='X' V='0.6774144035364211'/><Cell N='Y' V='0.2833831221735481'/></Row></Section><Section N='Geometry' IX='1'><Cell N='NoFill' V='0'/><Cell N='NoLine' V='0'/><Cell N='NoShow' V='0'/><Cell N='NoSnap' V='0'/><Cell N='NoQuickDrag' V='0'/><Row T='RelMoveTo' IX='1'><Cell N='X' V='0.8157808523090432'/><Cell N='Y' V='0.8732214587816143'/></Row><Row T='RelLineTo' IX='2'><Cell N='X' V='0.04986390668766218'/><Cell N='Y' V='0.8732214587816143'/></Row><Row T='RelLineTo' IX='3'><Cell N='X' V='0.04986390668766218'/><Cell N='Y' V='0.2833831221735481'/></Row><Row T='RelLineTo' IX='4'><Cell N='X' V='0.8157808523090432'/><Cell N='Y' V='0.2833831221735481'/></Row><Row T='RelLineTo' IX='5'><Cell N='X' V='0.8157808523090432'/><Cell N='Y' V='0.8732214587816143'/></Row></Section><Section N='Geometry' IX='2'><Cell N='NoFill' V='0'/><Cell N='NoLine' V='0'/><Cell N='NoShow' V='0'/><Cell N='NoSnap' V='0'/><Cell N='NoQuickDrag' V='0'/><Row T='RelMoveTo' IX='1'><Cell N='X' V='0.8570186030329667'/><Cell N='Y' V='0'/></Row><Row T='RelLineTo' IX='2'><Cell N='X' V='0.7284755336348542'/><Cell N='Y' V='0.1859701739263917'/></Row><Row T='RelLineTo' IX='3'><Cell N='X' V='0.1285533020895152'/><Cell N='Y' V='0.1859701739263917'/></Row><Row T='RelLineTo' IX='4'><Cell N='X' V='0'/><Cell N='Y' V='0'/></Row><Row T='RelLineTo' IX='5'><Cell N='X' V='0.8570186030329667'/><Cell N='Y' V='0'/></Row></Section><Section N='Geometry' IX='3'><Cell N='NoFill' V='0'/><Cell N='NoLine' V='0'/><Cell N='NoShow' V='0'/><Cell N='NoSnap' V='0'/><Cell N='NoQuickDrag' V='0'/><Row T='RelMoveTo' IX='1'><Cell N='X' V='0.4958352979171273'/><Cell N='Y' V='0.2833831221735479'/></Row><Row T='RelLineTo' IX='2'><Cell N='X' V='0.3611730757423816'/><Cell N='Y' V='0.2833831221735479'/></Row><Row T='RelLineTo' IX='3'><Cell N='X' V='0.3611730757423816'/><Cell N='Y' V='0.1859701739263908'/></Row><Row T='RelLineTo' IX='4'><Cell N='X' V='0.4958352979171273'/><Cell N='Y' V='0.1859701739263908'/></Row><Row T='RelLineTo' IX='5'><Cell N='X' V='0.4958352979171273'/><Cell N='Y' V='0.2833831221735479'/></Row></Section></Shape><Shape ID='7' Type='Shape' LineStyle='3' FillStyle='3' TextStyle='3'><Cell N='PinX' V='0.4265400724281201' U='MM' F='Sheet.5!Width*0.43336471358697'/><Cell N='PinY' V='0.5566292048102952' U='MM' F='Sheet.5!Height*0.56553527208726'/><Cell N='Width' V='0.6571684193037796' U='MM' F='Sheet.5!Width*0.66768311401264'/><Cell N='Height' V='0.4078976395678642' U='MM' F='Sheet.5!Height*0.41442400180095'/><Cell N='LocPinX' V='0.3285842096518898' U='MM' F='Width*0.5'/><Cell N='LocPinY' V='0.2039488197839321' U='MM' F='Height*0.5'/><Cell N='Angle' V='0'/><Cell N='FlipX' V='0'/><Cell N='FlipY' V='0'/><Cell N='ResizeMode' V='0'/><Cell N='LineColor' V='0' F='GUARD(IF(LUM(User.SurroundingRegionColor)&gt;205,Sheet.5!LineColor,1))'/><Cell N='Rounding' V='0'/><Cell N='ShapeShdwShow' V='1'/><Cell N='LineGradientEnabled' V='0' F='GUARD(0)'/><Cell N='QuickStyleLineColor' V='101'/><Cell N='QuickStyleFillColor' V='100' F='GUARD(IF(THEMEPROP("MultiFormat"),101,Sheet.5!QuickStyleFillColor))'/><Cell N='QuickStyleShadowColor' V='101'/><Cell N='QuickStyleFontColor' V='101'/><Cell N='ReflectionSize' V='0' F='GUARD(0)'/><Cell N='Copyright' V='Copyright (c) 2012 Microsoft Corporation.  All rights reserved.'/><Cell N='LangID' V='en-US' F='Inh'/><Section N='User'><Row N='SurroundingRegionColor'><Cell N='Value' V='1' F='Sheet.6!FillForegnd'/><Cell N='Prompt' V=''/></Row></Section><Section N='Geometry' IX='0'><Cell N='NoFill' V='0'/><Cell N='NoLine' V='0'/><Cell N='NoShow' V='0'/><Cell N='NoSnap' V='0'/><Cell N='NoQuickDrag' V='0'/><Row T='RelMoveTo' IX='1'><Cell N='X' V='1.000000015330108'/><Cell N='Y' V='0.9999999704227744'/></Row><Row T='RelLineTo' IX='2'><Cell N='X' V='0'/><Cell N='Y' V='0.9999999704227744'/></Row><Row T='RelLineTo' IX='3'><Cell N='X' V='0'/><Cell N='Y' V='0'/></Row><Row T='RelLineTo' IX='4'><Cell N='X' V='1.000000015330108'/><Cell N='Y' V='0'/></Row><Row T='RelLineTo' IX='5'><Cell N='X' V='1.000000015330108'/><Cell N='Y' V='0.9999999704227744'/></Row><Row T='RelLineTo' IX='6'><Cell N='X' V='1.000000015330108'/><Cell N='Y' V='0.9999999704227744'/></Row><Row T='RelLineTo' IX='7'><Cell N='X' V='1.000000015330108'/><Cell N='Y' V='0.9999999704227744'/></Row></Section></Shape><Shape ID='8' Type='Shape' LineStyle='3' FillStyle='3' TextStyle='3'><Cell N='PinX' V='0.5199385603425099' U='MM' F='Sheet.5!Width*0.52825757730799'/><Cell N='PinY' V='0.4795239614986516' U='MM' F='Sheet.5!Height*0.48719634488263'/><Cell N='Width' V='0.8102861431149016' U='MM' F='Sheet.5!Width*0.82325072140474'/><Cell N='Height' V='0.7622801159790945' U='MM' F='Sheet.5!Height*0.77447659783476'/><Cell N='LocPinX' V='0.4051430715574508' U='MM' F='Width*0.5'/><Cell N='LocPinY' V='0.3811400579895473' U='MM' F='Height*0.5'/><Cell N='Angle' V='0'/><Cell N='FlipX' V='0'/><Cell N='FlipY' V='0'/><Cell N='ResizeMode' V='0'/><Cell N='LineColor' V='0' F='GUARD(IF(LUM(User.SurroundingRegionColor)&gt;205,Sheet.5!LineColor,1))'/><Cell N='Rounding' V='0'/><Cell N='FillForegnd' V='0' F='GUARD(IF(LUM(User.SurroundingRegionColor)&gt;205,Sheet.5!LineColor,1))'/><Cell N='ShapeShdwShow' V='1'/><Cell N='LineGradientEnabled' V='0' F='GUARD(0)'/><Cell N='FillGradientEnabled' V='0' F='GUARD(0)'/><Cell N='ReflectionSize' V='0' F='GUARD(0)'/><Cell N='SoftEdgesSize' V='0' F='GUARD(0)'/><Cell N='BevelTopType' V='0' F='GUARD(0)'/><Cell N='BevelBottomType' V='0' F='GUARD(0)'/><Cell N='Copyright' V='Copyright (c) 2012 Microsoft Corporation.  All rights reserved.'/><Section N='User'><Row N='SurroundingRegionColor'><Cell N='Value' V='1' F='Sheet.6!FillForegnd'/><Cell N='Prompt' V=''/></Row></Section><Section N='Geometry' IX='0'><Cell N='NoFill' V='0'/><Cell N='NoLine' V='1'/><Cell N='NoShow' V='0'/><Cell N='NoSnap' V='0'/><Cell N='NoQuickDrag' V='0'/><Row T='RelMoveTo' IX='1'><Cell N='X' V='0.9161000832784361'/><Cell N='Y' V='0.9653174608417621'/></Row><Row T='RelLineTo' IX='2'><Cell N='X' V='1'/><Cell N='Y' V='0.9653174608417621'/></Row><Row T='RelLineTo' IX='3'><Cell N='X' V='1'/><Cell N='Y' V='1'/></Row><Row T='RelLineTo' IX='4'><Cell N='X' V='0.9161000832784361'/><Cell N='Y' V='1'/></Row><Row T='RelLineTo' IX='5'><Cell N='X' V='0.9161000832784361'/><Cell N='Y' V='0.9653174608417621'/></Row></Section><Section N='Geometry' IX='1'><Cell N='NoFill' V='0'/><Cell N='NoLine' V='1'/><Cell N='NoShow' V='0'/><Cell N='NoSnap' V='0'/><Cell N='NoQuickDrag' V='0'/><Row T='RelMoveTo' IX='1'><Cell N='X' V='0.9161000832784361'/><Cell N='Y' V='0.9033843552020509'/></Row><Row T='RelLineTo' IX='2'><Cell N='X' V='1'/><Cell N='Y' V='0.9033843552020509'/></Row><Row T='RelLineTo' IX='3'><Cell N='X' V='1'/><Cell N='Y' V='0.9380668943602891'/></Row><Row T='RelLineTo' IX='4'><Cell N='X' V='0.9161000832784361'/><Cell N='Y' V='0.9380668943602891'/></Row><Row T='RelLineTo' IX='5'><Cell N='X' V='0.9161000832784361'/><Cell N='Y' V='0.9033843552020509'/></Row></Section><Section N='Geometry' IX='2'><Cell N='NoFill' V='0'/><Cell N='NoLine' V='1'/><Cell N='NoShow' V='0'/><Cell N='NoSnap' V='0'/><Cell N='NoQuickDrag' V='0'/><Row T='RelMoveTo' IX='1'><Cell N='X' V='0.7108622425515526'/><Cell N='Y' V='0.08070131397276849'/></Row><Row T='RelLineTo' IX='2'><Cell N='X' V='0.6646240662250029'/><Cell N='Y' V='0.08070131397276849'/></Row><Row T='RelLineTo' IX='3'><Cell N='X' V='0.6905025294271201'/><Cell N='Y' V='0.05012782993003999'/></Row><Row T='RelLineTo' IX='4'><Cell N='X' V='0.7403577243856664'/><Cell N='Y' V='0.05012782993003999'/></Row><Row T='RelLineTo' IX='5'><Cell N='X' V='0.7108622425515526'/><Cell N='Y' V='0.08070131397276849'/></Row></Section><Section N='Geometry' IX='3'><Cell N='NoFill' V='0'/><Cell N='NoLine' V='1'/><Cell N='NoShow' V='0'/><Cell N='NoSnap' V='0'/><Cell N='NoQuickDrag' V='0'/><Row T='RelMoveTo' IX='1'><Cell N='X' V='0.6585459833691726'/><Cell N='Y' V='0.1349910486017976'/></Row><Row T='RelLineTo' IX='2'><Cell N='X' V='0.6186966303307528'/><Cell N='Y' V='0.1349910486017976'/></Row><Row T='RelLineTo' IX='3'><Cell N='X' V='0.6465389730650201'/><Cell N='Y' V='0.1021053952818528'/></Row><Row T='RelLineTo' IX='4'><Cell N='X' V='0.6902663666985698'/><Cell N='Y' V='0.1021053952818528'/></Row><Row T='RelLineTo' IX='5'><Cell N='X' V='0.6585459833691726'/><Cell N='Y' V='0.1349910486017976'/></Row></Section><Section N='Geometry' IX='4'><Cell N='NoFill' V='0'/><Cell N='NoLine' V='1'/><Cell N='NoShow' V='0'/><Cell N='NoSnap' V='0'/><Cell N='NoQuickDrag' V='0'/><Row T='RelMoveTo' IX='1'><Cell N='X' V='0.6397151131716694'/><Cell N='Y' V='0.08070131397276849'/></Row><Row T='RelLineTo' IX='2'><Cell N='X' V='0.5934396479932421'/><Cell N='Y' V='0.08070131397276849'/></Row><Row T='RelLineTo' IX='3'><Cell N='X' V='0.6137620722657988'/><Cell N='Y' V='0.05012782993003999'/></Row><Row T='RelLineTo' IX='4'><Cell N='X' V='0.6636421264589303'/><Cell N='Y' V='0.05012782993003999'/></Row><Row T='RelLineTo' IX='5'><Cell N='X' V='0.6397151131716694'/><Cell N='Y' V='0.08070131397276849'/></Row></Section><Section N='Geometry' IX='5'><Cell N='NoFill' V='0'/><Cell N='NoLine' V='1'/><Cell N='NoShow' V='0'/><Cell N='NoSnap' V='0'/><Cell N='NoQuickDrag' V='0'/><Row T='RelMoveTo' IX='1'><Cell N='X' V='0.597255540501906'/><Cell N='Y' V='0.1349910486017986'/></Row><Row T='RelLineTo' IX='2'><Cell N='X' V='0.5573937578461939'/><Cell N='Y' V='0.1349910486017986'/></Row><Row T='RelLineTo' IX='3'><Cell N='X' V='0.5792325954283849'/><Cell N='Y' V='0.1021053952818528'/></Row><Row T='RelLineTo' IX='4'><Cell N='X' V='0.6229848482965189'/><Cell N='Y' V='0.1021053952818528'/></Row><Row T='RelLineTo' IX='5'><Cell N='X' V='0.597255540501906'/><Cell N='Y' V='0.1349910486017986'/></Row></Section><Section N='Geometry' IX='6'><Cell N='NoFill' V='0'/><Cell N='NoLine' V='1'/><Cell N='NoShow' V='0'/><Cell N='NoSnap' V='0'/><Cell N='NoQuickDrag' V='0'/><Row T='RelMoveTo' IX='1'><Cell N='X' V='0.5685431245571953'/><Cell N='Y' V='0.08070131397276849'/></Row><Row T='RelLineTo' IX='2'><Cell N='X' V='0.522255229761476'/><Cell N='Y' V='0.08070131397276849'/></Row><Row T='RelLineTo' IX='3'><Cell N='X' V='0.5370340447217634'/><Cell N='Y' V='0.05012782993003999'/></Row><Row T='RelLineTo' IX='4'><Cell N='X' V='0.5869389581494788'/><Cell N='Y' V='0.05012782993003999'/></Row><Row T='RelLineTo' IX='5'><Cell N='X' V='0.5685431245571953'/><Cell N='Y' V='0.08070131397276849'/></Row></Section><Section N='Geometry' IX='7'><Cell N='NoFill' V='0'/><Cell N='NoLine' V='1'/><Cell N='NoShow' V='0'/><Cell N='NoSnap' V='0'/><Cell N='NoQuickDrag' V='0'/><Row T='RelMoveTo' IX='1'><Cell N='X' V='0.5360645345729842'/><Cell N='Y' V='0.1349910486017984'/></Row><Row T='RelLineTo' IX='2'><Cell N='X' V='0.4961903222999802'/><Cell N='Y' V='0.1349910486017984'/></Row><Row T='RelLineTo' IX='3'><Cell N='X' V='0.5121499509030154'/><Cell N='Y' V='0.101418350696623'/></Row><Row T='RelLineTo' IX='4'><Cell N='X' V='0.5559767814749019'/><Cell N='Y' V='0.101418350696623'/></Row><Row T='RelLineTo' IX='5'><Cell N='X' V='0.5360645345729842'/><Cell N='Y' V='0.1349910486017984'/></Row></Section><Section N='Geometry' IX='8'><Cell N='NoFill' V='0'/><Cell N='NoLine' V='1'/><Cell N='NoShow' V='0'/><Cell N='NoSnap' V='0'/><Cell N='NoQuickDrag' V='0'/><Row T='RelMoveTo' IX='1'><Cell N='X' V='0.497383565560018'/><Cell N='Y' V='0.08070131397276849'/></Row><Row T='RelLineTo' IX='2'><Cell N='X' V='0.4511081003815907'/><Cell N='Y' V='0.08070131397276849'/></Row><Row T='RelLineTo' IX='3'><Cell N='X' V='0.4603184467950246'/><Cell N='Y' V='0.05012782993003999'/></Row><Row T='RelLineTo' IX='4'><Cell N='X' V='0.5102233602227403'/><Cell N='Y' V='0.05012782993003999'/></Row><Row T='RelLineTo' IX='5'><Cell N='X' V='0.497383565560018'/><Cell N='Y' V='0.08070131397276849'/></Row></Section><Section N='Geometry' IX='9'><Cell N='NoFill' V='0'/><Cell N='NoLine' V='1'/><Cell N='NoShow' V='0'/><Cell N='NoSnap' V='0'/><Cell N='NoQuickDrag' V='0'/><Row T='RelMoveTo' IX='1'><Cell N='X' V='0.4756068760642903'/><Cell N='Y' V='0.1326920917204514'/></Row><Row T='RelLineTo' IX='2'><Cell N='X' V='0.4354592122108603'/><Cell N='Y' V='0.1326920917204514'/></Row><Row T='RelLineTo' IX='3'><Cell N='X' V='0.4448684325009675'/><Cell N='Y' V='0.1014183506966229'/></Row><Row T='RelLineTo' IX='4'><Cell N='X' V='0.4887076926901465'/><Cell N='Y' V='0.1014183506966229'/></Row><Row T='RelLineTo' IX='5'><Cell N='X' V='0.4756068760642903'/><Cell N='Y' V='0.1326920917204514'/></Row></Section><Section N='Geometry' IX='10'><Cell N='NoFill' V='0'/><Cell N='NoLine' V='1'/><Cell N='NoShow' V='0'/><Cell N='NoSnap' V='0'/><Cell N='NoQuickDrag' V='0'/><Row T='RelMoveTo' IX='1'><Cell N='X' V='0.426224006562836'/><Cell N='Y' V='0.08070131397276849'/></Row><Row T='RelLineTo' IX='2'><Cell N='X' V='0.3799485413844086'/><Cell N='Y' V='0.08070131397276849'/></Row><Row T='RelLineTo' IX='3'><Cell N='X' V='0.3836028488682811'/><Cell N='Y' V='0.05012782993003999'/></Row><Row T='RelLineTo' IX='4'><Cell N='X' V='0.4334953326787049'/><Cell N='Y' V='0.05012782993003999'/></Row><Row T='RelLineTo' IX='5'><Cell N='X' V='0.426224006562836'/><Cell N='Y' V='0.08070131397276849'/></Row></Section><Section N='Geometry' IX='11'><Cell N='NoFill' V='0'/><Cell N='NoLine' V='1'/><Cell N='NoShow' V='0'/><Cell N='NoSnap' V='0'/><Cell N='NoQuickDrag' V='0'/><Row T='RelMoveTo' IX='1'><Cell N='X' V='0.4145028774564029'/><Cell N='Y' V='0.1301024621299698'/></Row><Row T='RelLineTo' IX='2'><Cell N='X' V='0.3740569027879632'/><Cell N='Y' V='0.1301024621299698'/></Row><Row T='RelLineTo' IX='3'><Cell N='X' V='0.3777112102718358'/><Cell N='Y' V='0.09948934089963134'/></Row><Row T='RelLineTo' IX='4'><Cell N='X' V='0.4217617739549797'/><Cell N='Y' V='0.09948934089963134'/></Row><Row T='RelLineTo' IX='5'><Cell N='X' V='0.4145028774564029'/><Cell N='Y' V='0.1301024621299698'/></Row></Section><Section N='Geometry' IX='12'><Cell N='NoFill' V='0'/><Cell N='NoLine' V='1'/><Cell N='NoShow' V='0'/><Cell N='NoSnap' V='0'/><Cell N='NoQuickDrag' V='0'/><Row T='RelMoveTo' IX='1'><Cell N='X' V='0.3522926429095274'/><Cell N='Y' V='0.1301024621299706'/></Row><Row T='RelLineTo' IX='2'><Cell N='X' V='0.3118590978583797'/><Cell N='Y' V='0.1301024621299706'/></Row><Row T='RelLineTo' IX='3'><Cell N='X' V='0.3099449367953988'/><Cell N='Y' V='0.09948934089963134'/></Row><Row T='RelLineTo' IX='4'><Cell N='X' V='0.3539955004785428'/><Cell N='Y' V='0.09948934089963134'/></Row><Row T='RelLineTo' IX='5'><Cell N='X' V='0.3522926429095274'/><Cell N='Y' V='0.1301024621299706'/></Row></Section><Section N='Geometry' IX='13'><Cell N='NoFill' V='0'/><Cell N='NoLine' V='1'/><Cell N='NoShow' V='0'/><Cell N='NoSnap' V='0'/><Cell N='NoQuickDrag' V='0'/><Row T='RelMoveTo' IX='1'><Cell N='X' V='0.3550520179483673'/><Cell N='Y' V='0.08070131397276849'/></Row><Row T='RelLineTo' IX='2'><Cell N='X' V='0.3087889823872324'/><Cell N='Y' V='0.08070131397276849'/></Row><Row T='RelLineTo' IX='3'><Cell N='X' V='0.3068748213242515'/><Cell N='Y' V='0.05012782993003999'/></Row><Row T='RelLineTo' IX='4'><Cell N='X' V='0.3567673051346748'/><Cell N='Y' V='0.05012782993003999'/></Row><Row T='RelLineTo' IX='5'><Cell N='X' V='0.3550520179483673'/><Cell N='Y' V='0.08070131397276849'/></Row></Section><Section N='Geometry' IX='14'><Cell N='NoFill' V='0'/><Cell N='NoLine' V='1'/><Cell N='NoShow' V='0'/><Cell N='NoSnap' V='0'/><Cell N='NoQuickDrag' V='0'/><Row T='RelMoveTo' IX='1'><Cell N='X' V='0.2901072675972297'/><Cell N='Y' V='0.1301024621299698'/></Row><Row T='RelLineTo' IX='2'><Cell N='X' V='0.2496612929287899'/><Cell N='Y' V='0.1301024621299698'/></Row><Row T='RelLineTo' IX='3'><Cell N='X' V='0.2422035225535397'/><Cell N='Y' V='0.09948934089963134'/></Row><Row T='RelLineTo' IX='4'><Cell N='X' V='0.2862540862366837'/><Cell N='Y' V='0.09948934089963134'/></Row><Row T='RelLineTo' IX='5'><Cell N='X' V='0.2901072675972297'/><Cell N='Y' V='0.1301024621299698'/></Row></Section><Section N='Geometry' IX='15'><Cell N='NoFill' V='0'/><Cell N='NoLine' V='1'/><Cell N='NoShow' V='0'/><Cell N='NoSnap' V='0'/><Cell N='NoQuickDrag' V='0'/><Row T='RelMoveTo' IX='1'><Cell N='X' V='0.2838924589511931'/><Cell N='Y' V='0.08070131397276849'/></Row><Row T='RelLineTo' IX='2'><Cell N='X' V='0.2376169937727657'/><Cell N='Y' V='0.08070131397276849'/></Row><Row T='RelLineTo' IX='3'><Cell N='X' V='0.2301592233975155'/><Cell N='Y' V='0.05012782993003999'/></Row><Row T='RelLineTo' IX='4'><Cell N='X' V='0.2800517072079393'/><Cell N='Y' V='0.05012782993003999'/></Row><Row T='RelLineTo' IX='5'><Cell N='X' V='0.2838924589511931'/><Cell N='Y' V='0.08070131397276849'/></Row></Section><Section N='Geometry' IX='16'><Cell N='NoFill' V='0'/><Cell N='NoLine' V='1'/><Cell N='NoShow' V='0'/><Cell N='NoSnap' V='0'/><Cell N='NoQuickDrag' V='0'/><Row T='RelMoveTo' IX='1'><Cell N='X' V='0.5376803848209539'/><Cell N='Y' V='0.03058669643859923'/></Row><Row T='RelLineTo' IX='2'><Cell N='X' V='0.2112289162616724'/><Cell N='Y' V='0.03058669643859923'/></Row><Row T='RelLineTo' IX='3'><Cell N='X' V='0.2027767765030556'/><Cell N='Y' V='0'/></Row><Row T='RelLineTo' IX='4'><Cell N='X' V='0.5518252892993449'/><Cell N='Y' V='0'/></Row><Row T='RelLineTo' IX='5'><Cell N='X' V='0.5376803848209539'/><Cell N='Y' V='0.03058669643859923'/></Row></Section><Section N='Geometry' IX='17'><Cell N='NoFill' V='0'/><Cell N='NoLine' V='1'/><Cell N='NoShow' V='0'/><Cell N='NoSnap' V='0'/><Cell N='NoQuickDrag' V='0'/><Row T='RelMoveTo' IX='1'><Cell N='X' V='0.2279094626676431'/><Cell N='Y' V='0.1301024621299698'/></Row><Row T='RelLineTo' IX='2'><Cell N='X' V='0.1874634879992028'/><Cell N='Y' V='0.1301024621299698'/></Row><Row T='RelLineTo' IX='3'><Cell N='X' V='0.1744496786943913'/><Cell N='Y' V='0.09948934089963134'/></Row><Row T='RelLineTo' IX='4'><Cell N='X' V='0.2185002423775357'/><Cell N='Y' V='0.09948934089963134'/></Row><Row T='RelLineTo' IX='5'><Cell N='X' V='0.2279094626676431'/><Cell N='Y' V='0.1301024621299698'/></Row></Section><Section N='Geometry' IX='18'><Cell N='NoFill' V='0'/><Cell N='NoLine' V='1'/><Cell N='NoShow' V='0'/><Cell N='NoSnap' V='0'/><Cell N='NoQuickDrag' V='0'/><Row T='RelMoveTo' IX='1'><Cell N='X' V='0.212732899954011'/><Cell N='Y' V='0.08070131397276849'/></Row><Row T='RelLineTo' IX='2'><Cell N='X' V='0.1664450051582916'/><Cell N='Y' V='0.08070131397276849'/></Row><Row T='RelLineTo' IX='3'><Cell N='X' V='0.1534311958534801'/><Cell N='Y' V='0.05012782993003999'/></Row><Row T='RelLineTo' IX='4'><Cell N='X' V='0.2033236796639037'/><Cell N='Y' V='0.05012782993003999'/></Row><Row T='RelLineTo' IX='5'><Cell N='X' V='0.212732899954011'/><Cell N='Y' V='0.08070131397276849'/></Row></Section><Section N='Geometry' IX='19'><Cell N='NoFill' V='0'/><Cell N='NoLine' V='1'/><Cell N='NoShow' V='0'/><Cell N='NoSnap' V='0'/><Cell N='NoQuickDrag' V='0'/><Row T='RelMoveTo' IX='1'><Cell N='X' V='0.1657116577380558'/><Cell N='Y' V='0.1301024621299698'/></Row><Row T='RelLineTo' IX='2'><Cell N='X' V='0.1252781126869079'/><Cell N='Y' V='0.1301024621299698'/></Row><Row T='RelLineTo' IX='3'><Cell N='X' V='0.1066958348352429'/><Cell N='Y' V='0.09948934089963134'/></Row><Row T='RelLineTo' IX='4'><Cell N='X' V='0.1507463985183872'/><Cell N='Y' V='0.09948934089963134'/></Row><Row T='RelLineTo' IX='5'><Cell N='X' V='0.1657116577380558'/><Cell N='Y' V='0.1301024621299698'/></Row></Section><Section N='Geometry' IX='20'><Cell N='NoFill' V='0'/><Cell N='NoLine' V='1'/><Cell N='NoShow' V='0'/><Cell N='NoSnap' V='0'/><Cell N='NoQuickDrag' V='0'/><Row T='RelMoveTo' IX='1'><Cell N='X' V='0.1415733409568309'/><Cell N='Y' V='0.08070131397276849'/></Row><Row T='RelLineTo' IX='2'><Cell N='X' V='0.09529787577840386'/><Cell N='Y' V='0.08070131397276849'/></Row><Row T='RelLineTo' IX='3'><Cell N='X' V='0.07671559792673896'/><Cell N='Y' V='0.05012782993003999'/></Row><Row T='RelLineTo' IX='4'><Cell N='X' V='0.1265956521198702'/><Cell N='Y' V='0.05012782993003999'/></Row><Row T='RelLineTo' IX='5'><Cell N='X' V='0.1415733409568309'/><Cell N='Y' V='0.08070131397276849'/></Row></Section><Section N='Geometry' IX='21'><Cell N='NoFill' V='0'/><Cell N='NoLine' V='1'/><Cell N='NoShow' V='0'/><Cell N='NoSnap' V='0'/><Cell N='NoQuickDrag' V='0'/><Row T='RelMoveTo' IX='1'><Cell N='X' V='0.1035138528084723'/><Cell N='Y' V='0.1301024621299698'/></Row><Row T='RelLineTo' IX='2'><Cell N='X' V='0.06309273737461658'/><Cell N='Y' V='0.1301024621299698'/></Row><Row T='RelLineTo' IX='3'><Cell N='X' V='0.03894199097609825'/><Cell N='Y' V='0.09948934089963134'/></Row><Row T='RelLineTo' IX='4'><Cell N='X' V='0.08299255465924235'/><Cell N='Y' V='0.09948934089963134'/></Row><Row T='RelLineTo' IX='5'><Cell N='X' V='0.1035138528084723'/><Cell N='Y' V='0.1301024621299698'/></Row></Section><Section N='Geometry' IX='22'><Cell N='NoFill' V='0'/><Cell N='NoLine' V='1'/><Cell N='NoShow' V='0'/><Cell N='NoSnap' V='0'/><Cell N='NoQuickDrag' V='0'/><Row T='RelMoveTo' IX='1'><Cell N='X' V='0.07040135234236165'/><Cell N='Y' V='0.08070131397276849'/></Row><Row T='RelLineTo' IX='2'><Cell N='X' V='0.02413831678122642'/><Cell N='Y' V='0.08070131397276849'/></Row><Row T='RelLineTo' IX='3'><Cell N='X' V='0'/><Cell N='Y' V='0.05012782993003999'/></Row><Row T='RelLineTo' IX='4'><Cell N='X' V='0.0498800541931316'/><Cell N='Y' V='0.05012782993003999'/></Row><Row T='RelLineTo' IX='5'><Cell N='X' V='0.07040135234236165'/><Cell N='Y' V='0.08070131397276849'/></Row></Section></Shape></Shapes></Shape></Shapes></MasterContents>