<?xml version='1.0' encoding='utf-8' ?>
<MasterContents xmlns='http://schemas.microsoft.com/office/visio/2012/main' xmlns:r='http://schemas.openxmlformats.org/officeDocument/2006/relationships' xml:space='preserve'><Shapes><Shape ID='11' Type='Group' LineStyle='3' FillStyle='3' TextStyle='3'><Cell N='PinX' V='2.75' U='IN' F='GUARD(Width/2)'/><Cell N='PinY' V='2.125' U='IN' F='GUARD(Height/2)'/><Cell N='Width' V='5.5' U='IN' F='GUARD(ThePage!PageWidth)'/><Cell N='Height' V='4.25' U='IN' F='GUARD(ThePage!PageHeight)'/><Cell N='LocPinX' V='2.75' U='IN' F='Width*0.5'/><Cell N='LocPinY' V='2.125' U='IN' F='Height*0.5'/><Cell N='Angle' V='0'/><Cell N='FlipX' V='0'/><Cell N='FlipY' V='0'/><Cell N='ResizeMode' V='0'/><Cell N='LockWidth' V='1'/><Cell N='LockHeight' V='1'/><Cell N='LockMoveX' V='1'/><Cell N='LockMoveY' V='1'/><Cell N='LockRotate' V='1'/><Cell N='LockTextEdit' V='1'/><Cell N='LockReplace' V='1'/><Cell N='EventDblClick' V='0' F='NA()'/><Cell N='EventDrop' V='0' F='RUNADDON("Make Background")+SETF("EventDrop",0)'/><Cell N='GlueType' V='8'/><Cell N='LangID' V='en-US' F='Inh'/><Cell N='Rounding' V='0' U='MM' F='THEMEVAL("LineRounding",0MM)'/><Cell N='ShdwPattern' V='0'/><Cell N='ShapeShdwOffsetX' V='0' U='MM' F='THEMEVAL("ShadowXOffset",0MM)'/><Cell N='ShapeShdwOffsetY' V='0' U='MM' F='THEMEVAL("ShadowYOffset",0MM)'/><Cell N='DefaultTabStop' V='0.5905511811023622' U='MM'/><Cell N='HelpTopic' V='Vis_PRXY.chm!#60263'/><Cell N='Copyright' V='Copyright (c) 2012 Microsoft Corporation.  All rights reserved.'/><Cell N='DisplayLevel' V='-32000'/><Cell N='EffectSchemeIndex' V='0'/><Cell N='BevelTopType' V='0'/><Cell N='ReflectionSize' V='0'/><Cell N='GlowSize' V='0'/><Cell N='SoftEdgesSize' V='0'/><Cell N='QuickStyleEffectsMatrix' V='0' F='GUARD(0)'/><Section N='User'><Row N='Background'><Cell N='Value' V='0'/><Cell N='Prompt' V=''/></Row><Row N='visVersion'><Cell N='Value' V='15'/><Cell N='Prompt' V=''/></Row><Row N='msvShapeCategories'><Cell N='Value' V='DoNotContain' U='STR'/><Cell N='Prompt' V=''/></Row></Section><Section N='Paragraph'><Row IX='0'><Cell N='IndFirst' V='0' U='MM'/><Cell N='IndLeft' V='0' U='MM'/><Cell N='IndRight' V='0' U='MM'/><Cell N='TextPosAfterBullet' V='0' U='MM'/></Row></Section><Shapes><Shape ID='5' Type='Shape' LineStyle='3' FillStyle='3' TextStyle='3'><Cell N='PinX' V='2.75' U='IN' F='GUARD(Width/2)'/><Cell N='PinY' V='2.125' U='IN' F='GUARD(Height/2)'/><Cell N='Width' V='5.5' U='IN' F='GUARD(ThePage!PageWidth)'/><Cell N='Height' V='4.25' U='IN' F='GUARD(ThePage!PageHeight)'/><Cell N='LocPinX' V='2.75' U='IN' F='Width*0.5'/><Cell N='LocPinY' V='2.125' U='IN' F='Height*0.5'/><Cell N='Angle' V='0'/><Cell N='FlipX' V='0'/><Cell N='FlipY' V='0'/><Cell N='ResizeMode' V='0'/><Cell N='LinePattern' V='0' F='GUARD(0)'/><Cell N='Rounding' V='0' U='MM' F='THEMEVAL("LineRounding",0MM)'/><Cell N='GlueType' V='8'/><Cell N='LangID' V='en-US' F='Inh'/><Cell N='FillForegnd' V='#ffffff' F='IF(ISTHEMED(),TINT(THEMEVAL(QuickStyleFillColor),95),RGB(255,255,255))'/><Cell N='FillPattern' V='1' F='GUARD(1)'/><Cell N='ShdwPattern' V='0'/><Cell N='ShapeShdwOffsetX' V='0' U='MM' F='THEMEVAL("ShadowXOffset",0MM)'/><Cell N='ShapeShdwOffsetY' V='0' U='MM' F='THEMEVAL("ShadowYOffset",0MM)'/><Cell N='EventDblClick' V='0' F='NA()'/><Cell N='EventDrop' V='0' F='RUNADDON("Make Background")+SETF("EventDrop",0)'/><Cell N='Copyright' V='Copyright (c) 2012 Microsoft Corporation.  All rights reserved.'/><Cell N='DefaultTabStop' V='0.5905511811023622' U='MM'/><Cell N='FillGradientEnabled' V='0' F='GUARD(FALSE)'/><Cell N='BevelTopType' V='0'/><Cell N='ReflectionSize' V='0'/><Cell N='GlowSize' V='0'/><Cell N='SoftEdgesSize' V='0'/><Cell N='QuickStyleEffectsMatrix' V='0' F='GUARD(0)'/><Section N='User'><Row N='Background'><Cell N='Value' V='0'/><Cell N='Prompt' V='' F='No Formula'/></Row><Row N='visVersion'><Cell N='Value' V='15'/><Cell N='Prompt' V='' F='No Formula'/></Row></Section><Section N='Paragraph'><Row IX='0'><Cell N='IndFirst' V='0' U='MM'/><Cell N='IndLeft' V='0' U='MM'/><Cell N='IndRight' V='0' U='MM'/><Cell N='TextPosAfterBullet' V='0' U='MM'/></Row></Section><Section N='Geometry' IX='0'><Cell N='NoFill' V='0'/><Cell N='NoLine' V='0'/><Cell N='NoShow' V='0'/><Cell N='NoSnap' V='0'/><Cell N='NoQuickDrag' V='0' F='No Formula'/><Row T='MoveTo' IX='1'><Cell N='X' V='0' U='IN' F='Width*0'/><Cell N='Y' V='0' U='IN' F='Height*0'/></Row><Row T='LineTo' IX='2'><Cell N='X' V='5.5' U='IN' F='Width*1'/><Cell N='Y' V='0' U='IN' F='Height*0'/></Row><Row T='LineTo' IX='3'><Cell N='X' V='5.5' U='IN' F='Width*1'/><Cell N='Y' V='4.25' U='IN' F='Height*1'/></Row><Row T='LineTo' IX='4'><Cell N='X' V='0' U='IN' F='Width*0'/><Cell N='Y' V='4.25' U='IN' F='Height*1'/></Row><Row T='LineTo' IX='5'><Cell N='X' V='0' U='IN' F='Geometry1.X1'/><Cell N='Y' V='0' U='IN' F='Geometry1.Y1'/></Row></Section></Shape><Shape ID='6' Type='Shape' LineStyle='3' FillStyle='3' TextStyle='3'><Cell N='PinX' V='2.75' U='IN' F='Sheet.11!Width*0.5'/><Cell N='PinY' V='0.453124999999985' U='IN' F='Sheet.11!Height*0.10661764705882'/><Cell N='Width' V='5.5' U='IN' F='Sheet.11!Width*1'/><Cell N='Height' V='0.9062500000000124' U='IN' F='Sheet.11!Height*0.21323529411765'/><Cell N='LocPinX' V='2.75' U='IN' F='Width*0.5'/><Cell N='LocPinY' V='0.4531250000000062' U='IN' F='Height*0.5'/><Cell N='Angle' V='0'/><Cell N='FlipX' V='0'/><Cell N='FlipY' V='0'/><Cell N='ResizeMode' V='0'/><Cell N='TextBkgnd' V='#ffffff' F='THEMEGUARD(THEME("BackgroundColor")+1)'/><Cell N='DefaultTabStop' V='0.5905511811023622' U='MM'/><Cell N='LangID' V='en-US' F='Inh'/><Cell N='FillForegnd' V='#f0f0f0' F='THEMEGUARD(IF(ISTHEMED(),SETATREFEXPR(TINT(THEMEVAL("BackgroundColor"),10)),SETATREFEXPR(RGB(240,240,240))))'/><Cell N='FillBkgnd' V='0' F='THEMEVAL("FillColor2",0)'/><Cell N='FillPattern' V='1' F='GUARD(1)'/><Cell N='ShdwForegnd' V='#808080' F='THEMEGUARD(TINT(RGB(0,0,0),120))'/><Cell N='ShdwPattern' V='0'/><Cell N='FillForegndTrans' V='0' F='THEMEVAL("FillTransparency",0%)'/><Cell N='FillBkgndTrans' V='0' F='THEMEVAL("FillTransparencyBkgnd",0%)'/><Cell N='ShdwForegndTrans' V='0' F='THEMEVAL("ShadowTransparency",0%)'/><Cell N='ShapeShdwType' V='1' F='THEMEVAL("ShadowType",1)'/><Cell N='ShapeShdwOffsetX' V='0' U='MM' F='THEMEVAL("ShadowXOffset",0MM)'/><Cell N='ShapeShdwOffsetY' V='0' U='MM' F='THEMEVAL("ShadowYOffset",0MM)'/><Cell N='ShapeShdwObliqueAngle' V='0' F='THEMEVAL("ShadowDirection",0DA)'/><Cell N='ShapeShdwScaleFactor' V='1' F='THEMEVAL("ShadowMagnification",100%)'/><Cell N='LinePattern' V='0' F='GUARD(0)'/><Cell N='Rounding' V='0' U='MM' F='THEMEVAL("LineRounding",0MM)'/><Cell N='Copyright' V='Copyright (c) 2012 Microsoft Corporation.  All rights reserved.'/><Cell N='FillGradientEnabled' V='0' F='GUARD(FALSE)'/><Cell N='BevelTopType' V='0'/><Cell N='ReflectionSize' V='0'/><Cell N='GlowSize' V='0'/><Cell N='SoftEdgesSize' V='0'/><Cell N='QuickStyleEffectsMatrix' V='0' F='GUARD(0)'/><Section N='Paragraph'><Row IX='0'><Cell N='IndFirst' V='0' U='MM'/><Cell N='IndLeft' V='0' U='MM'/><Cell N='IndRight' V='0' U='MM'/></Row></Section><Section N='Geometry' IX='0'><Cell N='NoFill' V='0'/><Cell N='NoLine' V='0'/><Cell N='NoShow' V='0'/><Cell N='NoSnap' V='0'/><Cell N='NoQuickDrag' V='0' F='No Formula'/><Row T='MoveTo' IX='1'><Cell N='X' V='0' U='IN' F='Width*0'/><Cell N='Y' V='0' U='IN' F='Height*0'/></Row><Row T='LineTo' IX='2'><Cell N='X' V='5.5' U='IN' F='Width*1'/><Cell N='Y' V='0' U='IN' F='Height*0'/></Row><Row T='LineTo' IX='3'><Cell N='X' V='5.5' U='IN' F='Width*1'/><Cell N='Y' V='0.9062500000000124' U='IN' F='Height*1'/></Row><Row T='EllipticalArcTo' IX='4'><Cell N='X' V='0' U='IN' F='Width*0'/><Cell N='Y' V='0.186580882352947' U='IN' F='Height*0.20588235294118'/><Cell N='A' V='3.63373907041794' U='IN' F='Width*0.66067983098508'/><Cell N='B' V='0.4682197592760832' U='IN' F='Height*0.51665628609774'/><Cell N='C' V='-3.141588241161273' U='DA' F='_ELLIPSE_THETA(-1.5711192911536,1.0021549016629,11,2.125,Width,Height)'/><Cell N='D' V='1.169892789719212' F='_ELLIPSE_ECC(-1.5711192911536,1.0021549016629,11,2.125,Width,Height,Geometry1.C4)'/></Row><Row T='LineTo' IX='5'><Cell N='X' V='0' U='IN' F='Geometry1.X1'/><Cell N='Y' V='0' U='IN' F='Geometry1.Y1'/></Row></Section></Shape><Shape ID='7' Type='Shape' LineStyle='3' FillStyle='3' TextStyle='3'><Cell N='PinX' V='5.140625' U='IN' F='Sheet.11!Width*0.93465909090909'/><Cell N='PinY' V='2.124348958333333' U='IN' F='Sheet.11!Height*0.49984681372549'/><Cell N='Width' V='0.71875000000001' U='IN' F='Sheet.11!Width*0.13068181818182'/><Cell N='Height' V='4.25' U='IN' F='Sheet.11!Height*1'/><Cell N='LocPinX' V='0.359375000000005' U='IN' F='Width*0.5'/><Cell N='LocPinY' V='2.125' U='IN' F='Height*0.5'/><Cell N='Angle' V='0'/><Cell N='FlipX' V='0'/><Cell N='FlipY' V='0'/><Cell N='ResizeMode' V='0'/><Cell N='TextBkgnd' V='#ffffff' F='THEMEGUARD(THEME("BackgroundColor")+1)'/><Cell N='DefaultTabStop' V='0.5905511811023622' U='MM'/><Cell N='LangID' V='en-US' F='Inh'/><Cell N='FillForegnd' V='#b4b4b4' F='THEMEVAL(QuickStyleFillColor,RGB(180,180,180))'/><Cell N='FillBkgnd' V='#828282' F='THEMEVAL(QuickStyleFillColor,RGB(130,130,130))'/><Cell N='FillPattern' V='28' F='GUARD(28)'/><Cell N='ShdwForegnd' V='#bfbfbf' F='THEMEVAL("ShadowColor",RGB(191,191,191))'/><Cell N='ShdwPattern' V='0'/><Cell N='FillForegndTrans' V='0.25' F='GUARD(25%)'/><Cell N='FillBkgndTrans' V='0.6' F='GUARD(60%)'/><Cell N='ShdwForegndTrans' V='0.7' F='THEMEVAL("ShadowTransparency",70%)'/><Cell N='ShapeShdwType' V='1' F='THEMEVAL("ShadowType",1)'/><Cell N='ShapeShdwOffsetX' V='0' U='MM' F='THEMEVAL("ShadowXOffset",0MM)'/><Cell N='ShapeShdwOffsetY' V='0' U='MM' F='THEMEVAL("ShadowYOffset",0MM)'/><Cell N='ShapeShdwObliqueAngle' V='0' F='THEMEVAL("ShadowDirection",0DA)'/><Cell N='ShapeShdwScaleFactor' V='1' F='THEMEVAL("ShadowMagnification",100%)'/><Cell N='LinePattern' V='0' F='GUARD(0)'/><Cell N='Rounding' V='0' U='MM' F='THEMEVAL("LineRounding",0MM)'/><Cell N='Copyright' V='Copyright (c) 2012 Microsoft Corporation.  All rights reserved.'/><Cell N='FillGradientDir' V='0' F='GUARD(0)'/><Cell N='FillGradientAngle' V='1.5707963267949' U='DEG' F='GUARD(90DEG)'/><Cell N='FillGradientEnabled' V='1' F='GUARD(TRUE)'/><Cell N='UseGroupGradient' V='0' F='GUARD(FALSE)'/><Cell N='BevelTopType' V='0'/><Cell N='ReflectionSize' V='0'/><Cell N='GlowSize' V='0'/><Cell N='SoftEdgesSize' V='0'/><Cell N='QuickStyleEffectsMatrix' V='0' F='GUARD(0)'/><Section N='FillGradient'><Row IX='0'><Cell N='GradientStopColor' V='#b4b4b4' F='THEMEVAL(QuickStyleFillColor,RGB(180,180,180))'/><Cell N='GradientStopColorTrans' V='0.25' F='GUARD(25%)'/><Cell N='GradientStopPosition' V='0'/></Row><Row IX='1'><Cell N='GradientStopColor' V='#828282' F='THEMEVAL(QuickStyleFillColor,RGB(130,130,130))'/><Cell N='GradientStopColorTrans' V='0.6' F='GUARD(60%)'/><Cell N='GradientStopPosition' V='1'/></Row><Row IX='2' Del='1'/><Row IX='3' Del='1'/><Row IX='4' Del='1'/><Row IX='5' Del='1'/><Row IX='6' Del='1'/><Row IX='7' Del='1'/><Row IX='8' Del='1'/><Row IX='9' Del='1'/></Section><Section N='Geometry' IX='0'><Cell N='NoFill' V='0'/><Cell N='NoLine' V='0'/><Cell N='NoShow' V='0'/><Cell N='NoSnap' V='0'/><Cell N='NoQuickDrag' V='0' F='No Formula'/><Row T='MoveTo' IX='1'><Cell N='X' V='0.009765624999999324' U='IN' F='Width*0.013586956521738'/><Cell N='Y' V='4.25' U='IN' F='Height*1'/></Row><Row T='EllipticalArcTo' IX='2'><Cell N='X' V='0.4267578125000059' U='IN' F='Width*0.59375'/><Cell N='Y' V='1.84374999999998' U='IN' F='Height*0.43382352941176'/><Cell N='A' V='0.4514163327760662' U='IN' F='Width*0.62805750647104'/><Cell N='B' V='2.405769093730448' U='IN' F='Height*0.56606331617187'/><Cell N='C' V='-1.552210516579003' U='DA' F='_ELLIPSE_THETA(-1.552210516579,2.3279366685719,1.4375,8.5,Width,Height)'/><Cell N='D' V='2.327936668571867' F='_ELLIPSE_ECC(-1.552210516579,2.3279366685719,1.4375,8.5,Width,Height,Geometry1.C2)'/></Row><Row T='EllipticalArcTo' IX='3'><Cell N='X' V='0' U='IN' F='Width*0'/><Cell N='Y' V='0' U='IN' F='Height*0'/><Cell N='A' V='0.2555432692307717' U='IN' F='Width*0.35553846153846'/><Cell N='B' V='0.8065576923077076' U='IN' F='Height*0.18977828054299'/><Cell N='C' V='-1.731257192414006' U='DA' F='_ELLIPSE_THETA(-1.731257192414,7.6543983676211,1.4375,8.5,Width,Height)'/><Cell N='D' V='7.654398367621007' F='_ELLIPSE_ECC(-1.731257192414,7.6543983676211,1.4375,8.5,Width,Height,Geometry1.C3)'/></Row><Row T='LineTo' IX='4'><Cell N='X' V='0.71875000000001' U='IN' F='Width*1'/><Cell N='Y' V='0' U='IN' F='Height*0'/></Row><Row T='LineTo' IX='5'><Cell N='X' V='0.7187500000000028' U='IN' F='Width*0.99999999999999'/><Cell N='Y' V='4.25' U='IN' F='Height*1'/></Row><Row T='LineTo' IX='6'><Cell N='X' V='0.009765624999999324' U='IN' F='Geometry1.X1'/><Cell N='Y' V='4.25' U='IN' F='Geometry1.Y1'/></Row></Section></Shape></Shapes></Shape></Shapes></MasterContents>