<?xml version='1.0' encoding='utf-8' ?>
<MasterContents xmlns='http://schemas.microsoft.com/office/visio/2012/main' xmlns:r='http://schemas.openxmlformats.org/officeDocument/2006/relationships' xml:space='preserve'><Shapes><Shape ID='6' Type='Group' LineStyle='3' FillStyle='3' TextStyle='3'><Cell N='PinX' V='2.75' U='IN' F='GUARD(Width/2+ThePage!PageLeftMargin*ThePage!DrawingScale/ThePage!PageScale)'/><Cell N='PinY' V='2.125' U='IN' F='GUARD(Height/2+ThePage!PageBottomMargin*ThePage!DrawingScale/ThePage!PageScale)'/><Cell N='Width' V='5' U='IN' F='GUARD(ThePage!PageWidth-ThePage!PageLeftMargin*ThePage!DrawingScale/ThePage!PageScale-ThePage!PageRightMargin*ThePage!DrawingScale/ThePage!PageScale)'/><Cell N='Height' V='3.75' U='IN' F='GUARD(ThePage!PageHeight-ThePage!PageTopMargin*ThePage!DrawingScale/ThePage!PageScale-ThePage!PageBottomMargin*ThePage!DrawingScale/ThePage!PageScale)'/><Cell N='LocPinX' V='2.5' U='IN' F='Width*0.5'/><Cell N='LocPinY' V='1.875' U='IN' F='Height*0.5'/><Cell N='Angle' V='0'/><Cell N='FlipX' V='0'/><Cell N='FlipY' V='0'/><Cell N='ResizeMode' V='0'/><Cell N='LockCalcWH' V='1'/><Cell N='LockReplace' V='1'/><Cell N='IsTextEditTarget' V='0'/><Cell N='EventDrop' V='0' F='RUNADDON("Make Background")'/><Cell N='HelpTopic' V='VIS_PRXY.CHM!#60185'/><Cell N='Copyright' V='Copyright (c) 2012 Microsoft Corporation.  All rights reserved.'/><Cell N='QuickStyleEffectsMatrix' V='0' F='GUARD(0)'/><Section N='Actions'><Row N='Row_1'><Cell N='Menu' V='Hide &amp;Footer' F='IF(User.ShowFooter,"Hide &amp;Footer","Show &amp;Footer")'/><Cell N='Action' V='0' F='SETF(GetRef(User.ShowFooter),NOT(User.ShowFooter))'/><Cell N='Checked' V='0'/><Cell N='Disabled' V='0'/><Cell N='ReadOnly' V='0'/><Cell N='Invisible' V='0'/><Cell N='BeginGroup' V='0'/><Cell N='FlyoutChild' V='0' F='No Formula'/><Cell N='TagName' V=''/><Cell N='ButtonFace' V=''/><Cell N='SortKey' V=''/></Row></Section><Section N='User'><Row N='ShowFooter'><Cell N='Value' V='1' U='BOOL'/><Cell N='Prompt' V=''/></Row><Row N='Background'><Cell N='Value' V='2'/><Cell N='Prompt' V=''/></Row><Row N='visVersion'><Cell N='Value' V='15'/><Cell N='Prompt' V=''/></Row><Row N='AntiScale'><Cell N='Value' V='1' F='IF(AND(User.Scale&gt;0.125,User.Scale&lt;8),1,User.Scale)'/><Cell N='Prompt' V=''/></Row><Row N='Scale'><Cell N='Value' V='1' F='ThePage!DrawingScale/ThePage!PageScale'/><Cell N='Prompt' V=''/></Row><Row N='msvShapeCategories'><Cell N='Value' V='DoNotContain' U='STR'/><Cell N='Prompt' V=''/></Row></Section><Section N='Character'><Row IX='0'><Cell N='Style' V='17'/></Row></Section><Shapes><Shape ID='7' Type='Shape' LineStyle='3' FillStyle='3' TextStyle='3'><Cell N='PinX' V='0' U='IN' F='GUARD(Sheet.6!Width*0)'/><Cell N='PinY' V='1.875' U='IN' F='GUARD((BeginY+EndY)/2)'/><Cell N='Width' V='3.75' U='IN' F='SQRT((EndX-BeginX)^2+(EndY-BeginY)^2)'/><Cell N='Height' V='0'/><Cell N='LocPinX' V='1.875' U='IN' F='Width*0.5'/><Cell N='LocPinY' V='0' F='Height*0.5'/><Cell N='Angle' V='-1.570796326794897' F='ATAN2(EndY-BeginY,EndX-BeginX)'/><Cell N='FlipX' V='0'/><Cell N='FlipY' V='0'/><Cell N='ResizeMode' V='0'/><Cell N='BeginX' V='0' U='IN' F='GUARD(Sheet.6!Width*0)'/><Cell N='BeginY' V='3.75' U='IN' F='GUARD(Sheet.6!Height)'/><Cell N='EndX' V='0' U='IN' F='GUARD(Sheet.6!Width*0)'/><Cell N='EndY' V='0' U='IN' F='GUARD(Sheet.6!Height*0)'/><Cell N='TextBkgnd' V='#ffffff' F='THEMEGUARD(THEMEVAL("BackgroundColor")+1)'/><Cell N='LangID' V='en-US' F='Inh'/><Cell N='LineWeight' V='0.05666666666666666' U='PT'/><Cell N='LineColor' V='#9dbb61' F='THEMEVAL("VariantColor2")'/><Cell N='LineCap' V='1' F='THEMEVAL("LineCap",1)'/><Cell N='ShdwPattern' V='0'/><Cell N='Copyright' V='Copyright (c) 2012 Microsoft Corporation.  All rights reserved.'/><Cell N='QuickStyleLineMatrix' V='1'/><Cell N='QuickStyleFillMatrix' V='1'/><Cell N='QuickStyleEffectsMatrix' V='0' F='GUARD(0)'/><Cell N='QuickStyleFontMatrix' V='1'/><Cell N='EffectSchemeIndex' V='0'/><Section N='Character'><Row IX='0'><Cell N='Style' V='17'/></Row></Section><Section N='Geometry' IX='0'><Cell N='NoFill' V='1'/><Cell N='NoLine' V='0'/><Cell N='NoShow' V='0'/><Cell N='NoSnap' V='0'/><Cell N='NoQuickDrag' V='0' F='No Formula'/><Row T='MoveTo' IX='1'><Cell N='X' V='0' U='IN' F='Width*0'/><Cell N='Y' V='0' U='MM'/></Row><Row T='LineTo' IX='2'><Cell N='X' V='3.75' U='IN' F='Width*1'/><Cell N='Y' V='0' U='MM'/></Row></Section></Shape><Shape ID='8' Type='Shape' LineStyle='3' FillStyle='3' TextStyle='3'><Cell N='PinX' V='0.05905511811023622' U='IN' F='GUARD(Sheet.6!Width*0+1.5MM*Sheet.6!User.AntiScale)'/><Cell N='PinY' V='1.875' U='IN' F='GUARD((BeginY+EndY)/2)'/><Cell N='Width' V='3.75' U='IN' F='SQRT((EndX-BeginX)^2+(EndY-BeginY)^2)'/><Cell N='Height' V='0'/><Cell N='LocPinX' V='1.875' U='IN' F='Width*0.5'/><Cell N='LocPinY' V='0' F='Height*0.5'/><Cell N='Angle' V='-1.570796326794897' F='ATAN2(EndY-BeginY,EndX-BeginX)'/><Cell N='FlipX' V='0'/><Cell N='FlipY' V='0'/><Cell N='ResizeMode' V='0'/><Cell N='BeginX' V='0.03' U='IN' F='GUARD(Sheet.6!Width*0.006)'/><Cell N='BeginY' V='3.75' U='IN' F='GUARD(Sheet.6!Height*1)'/><Cell N='EndX' V='0.03' U='IN' F='GUARD(Sheet.6!Width*0.006)'/><Cell N='EndY' V='0' U='IN' F='GUARD(Sheet.6!Height*0)'/><Cell N='TextBkgnd' V='#ffffff' F='THEMEGUARD(THEMEVAL("BackgroundColor")+1)'/><Cell N='LangID' V='en-US' F='Inh'/><Cell N='LineWeight' V='0.05666666666666666' U='PT'/><Cell N='LineColor' V='#9dbb61' F='THEMEVAL("VariantColor2")'/><Cell N='LineCap' V='1' F='THEMEVAL("LineCap",1)'/><Cell N='ShdwPattern' V='0'/><Cell N='Copyright' V='Copyright (c) 2012 Microsoft Corporation.  All rights reserved.'/><Cell N='QuickStyleLineMatrix' V='1'/><Cell N='QuickStyleFillMatrix' V='1'/><Cell N='QuickStyleEffectsMatrix' V='0' F='GUARD(0)'/><Cell N='QuickStyleFontMatrix' V='1'/><Cell N='EffectSchemeIndex' V='0'/><Section N='Character'><Row IX='0'><Cell N='Style' V='17'/></Row></Section><Section N='Geometry' IX='0'><Cell N='NoFill' V='1'/><Cell N='NoLine' V='0'/><Cell N='NoShow' V='0'/><Cell N='NoSnap' V='0'/><Cell N='NoQuickDrag' V='0' F='No Formula'/><Row T='MoveTo' IX='1'><Cell N='X' V='0' U='IN' F='Width*0'/><Cell N='Y' V='0' U='MM'/></Row><Row T='LineTo' IX='2'><Cell N='X' V='3.75' U='IN' F='Width*1'/><Cell N='Y' V='0' U='MM'/></Row></Section></Shape><Shape ID='9' Type='Shape' LineStyle='3' FillStyle='3' TextStyle='3'><Cell N='PinX' V='4.865' U='IN' F='GUARD(Sheet.6!Width*0.973)'/><Cell N='PinY' V='1.875' U='IN' F='GUARD(Sheet.6!Height*0.5)'/><Cell N='Width' V='0.5911850393700787' U='MM' F='GUARD(15.0161MM*Sheet.6!User.AntiScale)'/><Cell N='Height' V='3.75' U='IN' F='GUARD(Sheet.6!Height)'/><Cell N='LocPinX' V='0.2955925196850394' U='MM' F='Width*0.5'/><Cell N='LocPinY' V='1.875' U='IN' F='Height*0.5'/><Cell N='Angle' V='0'/><Cell N='FlipX' V='0'/><Cell N='FlipY' V='0'/><Cell N='ResizeMode' V='0'/><Cell N='FillForegnd' V='#c8c8c8' F='THEMEVAL(QuickStyleFillColor,RGB(200,200,200))'/><Cell N='ShdwForegnd' V='#464646' F='THEMEVAL("ShadowColor")'/><Cell N='LangID' V='en-US' F='Inh'/><Cell N='LineColor' V='#1f477d' F='THEMEVAL("LineColor")'/><Cell N='LinePattern' V='0'/><Cell N='Rounding' V='0' U='MM' F='THEMEVAL("LineRounding",0MM)'/><Cell N='DisplayLevel' V='-32768' F='-32768+DEPENDSON(0)'/><Cell N='Copyright' V='Copyright (c) 2012 Microsoft Corporation.  All rights reserved.'/><Cell N='EffectSchemeIndex' V='0'/><Cell N='QuickStyleLineColor' V='101'/><Cell N='QuickStyleFillColor' V='101'/><Cell N='QuickStyleShadowColor' V='101'/><Cell N='QuickStyleFontColor' V='101'/><Cell N='QuickStyleLineMatrix' V='101'/><Cell N='QuickStyleFillMatrix' V='101'/><Cell N='QuickStyleEffectsMatrix' V='0' F='GUARD(0)'/><Cell N='QuickStyleFontMatrix' V='101'/><Section N='Character'><Row IX='0'><Cell N='Color' V='#000000' F='THEMEVAL("TextColor")'/><Cell N='Style' V='17'/></Row></Section><Section N='Geometry' IX='0'><Cell N='NoFill' V='0'/><Cell N='NoLine' V='0'/><Cell N='NoShow' V='0'/><Cell N='NoSnap' V='0'/><Cell N='NoQuickDrag' V='0' F='No Formula'/><Row T='MoveTo' IX='1'><Cell N='X' V='0' U='MM' F='Width*0'/><Cell N='Y' V='0' U='IN' F='Height*0'/></Row><Row T='LineTo' IX='2'><Cell N='X' V='0.5911850393700787' U='MM' F='Width*1'/><Cell N='Y' V='0' U='IN' F='Height*0'/></Row><Row T='LineTo' IX='3'><Cell N='X' V='0.5911850393700787' U='MM' F='Width*1'/><Cell N='Y' V='3.75' U='IN' F='Height*1'/></Row><Row T='LineTo' IX='4'><Cell N='X' V='0' U='MM' F='Width*0'/><Cell N='Y' V='3.75' U='IN' F='Height*1'/></Row><Row T='LineTo' IX='5'><Cell N='X' V='0' U='MM' F='Geometry1.X1'/><Cell N='Y' V='0' U='IN' F='Geometry1.Y1'/></Row></Section></Shape><Shape ID='10' Type='Shape' LineStyle='3' FillStyle='3' TextStyle='3'><Cell N='PinX' V='4.291338582677166' U='IN' F='GUARD(Sheet.6!Width*1-18MM*Sheet.6!User.AntiScale)'/><Cell N='PinY' V='1.875' U='IN' F='GUARD((BeginY+EndY)/2)'/><Cell N='Width' V='3.75' U='IN' F='SQRT((EndX-BeginX)^2+(EndY-BeginY)^2)'/><Cell N='Height' V='0'/><Cell N='LocPinX' V='1.875' U='IN' F='Width*0.5'/><Cell N='LocPinY' V='0' F='Height*0.5'/><Cell N='Angle' V='-1.570796326794897' F='ATAN2(EndY-BeginY,EndX-BeginX)'/><Cell N='FlipX' V='0'/><Cell N='FlipY' V='0'/><Cell N='ResizeMode' V='0'/><Cell N='BeginX' V='4.6725' U='IN' F='GUARD(Sheet.6!Width*0.9345)'/><Cell N='BeginY' V='3.75' U='IN' F='GUARD(Sheet.6!Height*1)'/><Cell N='EndX' V='4.6725' U='IN' F='GUARD(Sheet.6!Width*0.9345)'/><Cell N='EndY' V='0' U='IN' F='GUARD(Sheet.6!Height*0)'/><Cell N='TextBkgnd' V='#ffffff' F='THEMEGUARD(THEMEVAL("BackgroundColor")+1)'/><Cell N='LangID' V='en-US' F='Inh'/><Cell N='LineWeight' V='0.05666666666666666' U='PT'/><Cell N='LineColor' V='#9dbb61' F='THEMEVAL("VariantColor2")'/><Cell N='LineCap' V='1' F='THEMEVAL("LineCap",1)'/><Cell N='ShdwPattern' V='0'/><Cell N='DisplayLevel' V='-32768' F='-32768+DEPENDSON(0)'/><Cell N='Copyright' V='Copyright (c) 2012 Microsoft Corporation.  All rights reserved.'/><Cell N='QuickStyleLineMatrix' V='1'/><Cell N='QuickStyleFillMatrix' V='1'/><Cell N='QuickStyleEffectsMatrix' V='0' F='GUARD(0)'/><Cell N='QuickStyleFontMatrix' V='1'/><Cell N='EffectSchemeIndex' V='0'/><Section N='Character'><Row IX='0'><Cell N='Style' V='17'/></Row></Section><Section N='Geometry' IX='0'><Cell N='NoFill' V='1'/><Cell N='NoLine' V='0'/><Cell N='NoShow' V='0'/><Cell N='NoSnap' V='0'/><Cell N='NoQuickDrag' V='0' F='No Formula'/><Row T='MoveTo' IX='1'><Cell N='X' V='0' U='IN' F='Width*0'/><Cell N='Y' V='0' U='MM'/></Row><Row T='LineTo' IX='2'><Cell N='X' V='3.75' U='IN' F='Width*1'/><Cell N='Y' V='0' U='MM'/></Row></Section></Shape><Shape ID='11' Type='Shape' LineStyle='3' FillStyle='3' TextStyle='3'><Cell N='PinX' V='4.707519685039371' U='IN' F='GUARD(Sheet.9!PinX-4MM*Sheet.6!User.AntiScale)'/><Cell N='PinY' V='1.875' U='IN' F='GUARD((BeginY+EndY)/2)'/><Cell N='Width' V='3.75' U='IN' F='SQRT((EndX-BeginX)^2+(EndY-BeginY)^2)'/><Cell N='Height' V='0'/><Cell N='LocPinX' V='1.875' U='IN' F='Width*0.5'/><Cell N='LocPinY' V='0' F='Height*0.5'/><Cell N='Angle' V='-1.570796326794897' F='ATAN2(EndY-BeginY,EndX-BeginX)'/><Cell N='FlipX' V='0'/><Cell N='FlipY' V='0'/><Cell N='ResizeMode' V='0'/><Cell N='BeginX' V='4.7915' U='IN' F='GUARD(Sheet.6!Width*0.9583)'/><Cell N='BeginY' V='3.75' U='IN' F='GUARD(Sheet.6!Height)'/><Cell N='EndX' V='4.7915' U='IN' F='GUARD(Sheet.6!Width*0.9583)'/><Cell N='EndY' V='0' U='IN' F='GUARD(Sheet.6!Height*0)'/><Cell N='TextBkgnd' V='#ffffff' F='THEMEGUARD(THEMEVAL("BackgroundColor")+1)'/><Cell N='LangID' V='en-US' F='Inh'/><Cell N='LineWeight' V='0.05666666666666666' U='PT'/><Cell N='LineColor' V='#667d35' F='SHADE(THEMEVAL("VariantColor2"),50)'/><Cell N='LineCap' V='1' F='THEMEVAL("LineCap",1)'/><Cell N='ShdwPattern' V='0'/><Cell N='DisplayLevel' V='-32768' F='-32768+DEPENDSON(0)'/><Cell N='Copyright' V='Copyright (c) 2012 Microsoft Corporation.  All rights reserved.'/><Cell N='QuickStyleLineMatrix' V='1'/><Cell N='QuickStyleFillMatrix' V='1'/><Cell N='QuickStyleEffectsMatrix' V='0' F='GUARD(0)'/><Cell N='QuickStyleFontMatrix' V='1'/><Cell N='EffectSchemeIndex' V='0'/><Section N='Character'><Row IX='0'><Cell N='Style' V='17'/></Row></Section><Section N='Geometry' IX='0'><Cell N='NoFill' V='1'/><Cell N='NoLine' V='0'/><Cell N='NoShow' V='0'/><Cell N='NoSnap' V='0'/><Cell N='NoQuickDrag' V='0' F='No Formula'/><Row T='MoveTo' IX='1'><Cell N='X' V='0' U='IN' F='Width*0'/><Cell N='Y' V='0' U='MM'/></Row><Row T='LineTo' IX='2'><Cell N='X' V='3.75' U='IN' F='Width*1'/><Cell N='Y' V='0' U='MM'/></Row></Section></Shape><Shape ID='12' Type='Shape' LineStyle='3' FillStyle='3' TextStyle='3'><Cell N='PinX' V='4.825629921259843' U='IN' F='GUARD(Sheet.9!PinX-1MM*Sheet.6!User.AntiScale)'/><Cell N='PinY' V='1.875' U='IN' F='GUARD((BeginY+EndY)/2)'/><Cell N='Width' V='3.75' U='IN' F='SQRT((EndX-BeginX)^2+(EndY-BeginY)^2)'/><Cell N='Height' V='0'/><Cell N='LocPinX' V='1.875' U='IN' F='Width*0.5'/><Cell N='LocPinY' V='0' F='Height*0.5'/><Cell N='Angle' V='-1.570796326794897' F='ATAN2(EndY-BeginY,EndX-BeginX)'/><Cell N='FlipX' V='0'/><Cell N='FlipY' V='0'/><Cell N='ResizeMode' V='0'/><Cell N='BeginX' V='4.851' U='IN' F='GUARD(Sheet.6!Width*0.9702)'/><Cell N='BeginY' V='3.75' U='IN' F='GUARD(Sheet.6!Height)'/><Cell N='EndX' V='4.851' U='IN' F='GUARD(Sheet.6!Width*0.9702)'/><Cell N='EndY' V='0' U='IN' F='GUARD(Sheet.6!Height*0)'/><Cell N='TextBkgnd' V='#ffffff' F='THEMEGUARD(THEMEVAL("BackgroundColor")+1)'/><Cell N='LangID' V='en-US' F='Inh'/><Cell N='LineWeight' V='0.05666666666666666' U='PT'/><Cell N='LineColor' V='#667d35' F='SHADE(THEMEVAL("VariantColor2"),50)'/><Cell N='LineCap' V='1' F='THEMEVAL("LineCap",1)'/><Cell N='ShdwPattern' V='0'/><Cell N='DisplayLevel' V='-32768' F='-32768+DEPENDSON(0)'/><Cell N='Copyright' V='Copyright (c) 2012 Microsoft Corporation.  All rights reserved.'/><Cell N='QuickStyleLineMatrix' V='1'/><Cell N='QuickStyleFillMatrix' V='1'/><Cell N='QuickStyleEffectsMatrix' V='0' F='GUARD(0)'/><Cell N='QuickStyleFontMatrix' V='1'/><Cell N='EffectSchemeIndex' V='0'/><Section N='Character'><Row IX='0'><Cell N='Style' V='17'/></Row></Section><Section N='Geometry' IX='0'><Cell N='NoFill' V='1'/><Cell N='NoLine' V='0'/><Cell N='NoShow' V='0'/><Cell N='NoSnap' V='0'/><Cell N='NoQuickDrag' V='0' F='No Formula'/><Row T='MoveTo' IX='1'><Cell N='X' V='0' U='IN' F='Width*0'/><Cell N='Y' V='0' U='MM'/></Row><Row T='LineTo' IX='2'><Cell N='X' V='3.75' U='IN' F='Width*1'/><Cell N='Y' V='0' U='MM'/></Row></Section></Shape><Shape ID='13' Type='Shape' LineStyle='3' FillStyle='3' TextStyle='3'><Cell N='PinX' V='3.425196850393701' U='IN' F='GUARD(Sheet.6!Width*1-40MM*Sheet.6!User.AntiScale)'/><Cell N='PinY' V='0.4330708661417323' U='IN' F='GUARD(Sheet.6!Height*0+11MM*Sheet.6!User.AntiScale)'/><Cell N='Width' V='0.7086614173228346' U='MM' F='GUARD(18MM*Sheet.6!User.AntiScale)'/><Cell N='Height' V='0.7086614173228346' U='MM' F='GUARD(Width)'/><Cell N='LocPinX' V='0.3543307086614173' U='MM' F='Width*0.5'/><Cell N='LocPinY' V='0.3543307086614173' U='MM' F='Height*0.5'/><Cell N='Angle' V='0'/><Cell N='FlipX' V='0'/><Cell N='FlipY' V='0'/><Cell N='ResizeMode' V='0'/><Cell N='FillForegnd' V='#c8c8c8' F='THEMEVAL("FillColor",RGB(200,200,200))'/><Cell N='ShdwForegnd' V='#464646' F='THEMEVAL("ShadowColor")'/><Cell N='LangID' V='en-US' F='Inh'/><Cell N='LineColor' V='#1f477d' F='THEMEVAL("LineColor")'/><Cell N='Rounding' V='0' U='MM' F='THEMEVAL("LineRounding",0MM)'/><Cell N='LockAspect' V='1'/><Cell N='DisplayLevel' V='-32768' F='-32768+DEPENDSON(0)'/><Cell N='Copyright' V='Copyright (c) 2012 Microsoft Corporation.  All rights reserved.'/><Cell N='EffectSchemeIndex' V='0'/><Cell N='QuickStyleLineColor' V='101'/><Cell N='QuickStyleFillColor' V='101'/><Cell N='QuickStyleShadowColor' V='101'/><Cell N='QuickStyleFontColor' V='101'/><Cell N='QuickStyleLineMatrix' V='101'/><Cell N='QuickStyleFillMatrix' V='101'/><Cell N='QuickStyleEffectsMatrix' V='0' F='GUARD(0)'/><Cell N='QuickStyleFontMatrix' V='101'/><Section N='Character'><Row IX='0'><Cell N='Color' V='#000000' F='THEMEVAL("TextColor")'/><Cell N='Style' V='17'/></Row></Section><Section N='Geometry' IX='0'><Cell N='NoFill' V='0'/><Cell N='NoLine' V='0'/><Cell N='NoShow' V='0' F='NOT(Sheet.6!User.ShowFooter)'/><Cell N='NoSnap' V='0'/><Cell N='NoQuickDrag' V='0' F='No Formula'/><Row T='Ellipse' IX='1'><Cell N='X' V='0.3543307086614173' U='MM' F='Width*0.5'/><Cell N='Y' V='0.3543307086614173' U='MM' F='Height*0.5'/><Cell N='A' V='0.7086614173228346' U='MM' F='Width*1'/><Cell N='B' V='0.3543307086614173' U='MM' F='Height*0.5'/><Cell N='C' V='0.3543307086614173' U='MM' F='Width*0.5'/><Cell N='D' V='0.7086614173228346' U='MM' F='Height*1'/></Row></Section></Shape><Shape ID='14' Type='Shape' LineStyle='1' FillStyle='1' TextStyle='3'><Cell N='PinX' V='3.425196850393701' U='IN' F='GUARD(Sheet.13!PinX)'/><Cell N='PinY' V='0.4330708661417323' U='IN' F='GUARD(Sheet.13!PinY)'/><Cell N='Width' V='0.506' U='IN' F='GUARD(Sheet.6!Width*0.1012)'/><Cell N='Height' V='0.14625' U='IN' F='GUARD(Sheet.6!Height*0.039)'/><Cell N='LocPinX' V='0.253' U='IN' F='Width*0.5'/><Cell N='LocPinY' V='0.073125' U='IN' F='Height*0.5'/><Cell N='Angle' V='0'/><Cell N='FlipX' V='0'/><Cell N='FlipY' V='0'/><Cell N='ResizeMode' V='0'/><Cell N='EventDblClick' V='0' F='OPENTEXTWIN()'/><Cell N='LineColor' V='#1f477d' F='THEMEVAL("LineColor")'/><Cell N='LinePattern' V='0' F='THEMEGUARD(0)'/><Cell N='Rounding' V='0' U='MM' F='THEMEVAL("LineRounding",0MM)'/><Cell N='HideText' V='0' F='NOT(Sheet.6!User.ShowFooter)'/><Cell N='LangID' V='en-US' F='Inh'/><Cell N='FillForegnd' V='#96afcf' F='THEMEVAL("FillColor")'/><Cell N='FillBkgnd' V='#bfcee1' F='THEMEVAL("FillColor2")'/><Cell N='FillPattern' V='0' F='THEMEGUARD(0)'/><Cell N='ShdwForegnd' V='#464646' F='THEMEVAL("ShadowColor")'/><Cell N='ShdwPattern' V='0' F='THEMEGUARD(0)'/><Cell N='DisplayLevel' V='-32768' F='-32768+DEPENDSON(0)'/><Cell N='Copyright' V='Copyright (c) 2012 Microsoft Corporation.  All rights reserved.'/><Cell N='FillGradientEnabled' V='0' F='THEMEGUARD(FALSE)'/><Cell N='QuickStyleLineColor' V='101'/><Cell N='QuickStyleFillColor' V='101'/><Cell N='QuickStyleShadowColor' V='101'/><Cell N='QuickStyleFontColor' V='101'/><Cell N='QuickStyleLineMatrix' V='101'/><Cell N='QuickStyleFillMatrix' V='101'/><Cell N='QuickStyleEffectsMatrix' V='0' F='GUARD(0)'/><Cell N='QuickStyleFontMatrix' V='101'/><Section N='Character'><Row IX='0'><Cell N='Font' V='Calibri' F='THEMEVAL("LatinFont",4)'/></Row></Section><Section N='Field'><Row IX='0'><Cell N='Value' V='14' F='PAGENUMBER()'/><Cell N='Format' V='esc(0)' U='STR' F='FIELDPICTURE(0)'/><Cell N='Type' V='0'/><Cell N='UICat' V='0' F='No Formula'/><Cell N='UICod' V='0' F='No Formula'/><Cell N='UIFmt' V='0' F='No Formula'/><Cell N='Calendar' V='0'/><Cell N='ObjectKind' V='0'/></Row></Section><Section N='Geometry' IX='0'><Cell N='NoFill' V='0'/><Cell N='NoLine' V='0'/><Cell N='NoShow' V='0'/><Cell N='NoSnap' V='0'/><Cell N='NoQuickDrag' V='0' F='No Formula'/><Row T='MoveTo' IX='1'><Cell N='X' V='0' U='IN' F='Width*0'/><Cell N='Y' V='0' U='IN' F='Height*0'/></Row><Row T='LineTo' IX='2'><Cell N='X' V='0.506' U='IN' F='Width*1'/><Cell N='Y' V='0' U='IN' F='Height*0'/></Row><Row T='LineTo' IX='3'><Cell N='X' V='0.506' U='IN' F='Width*1'/><Cell N='Y' V='0.14625' U='IN' F='Height*1'/></Row><Row T='LineTo' IX='4'><Cell N='X' V='0' U='IN' F='Width*0'/><Cell N='Y' V='0.14625' U='IN' F='Height*1'/></Row><Row T='LineTo' IX='5'><Cell N='X' V='0' U='IN' F='Width*0'/><Cell N='Y' V='0' U='IN' F='Height*0'/></Row></Section><Text><cp IX='0'/><fld IX='0'>14</fld>
</Text></Shape><Shape ID='5' Type='Shape' LineStyle='1' FillStyle='1' TextStyle='3'><Cell N='PinX' V='1.2155' U='IN' F='GUARD(Sheet.6!Width*0.2431)'/><Cell N='PinY' V='3.080708661417323' U='IN' F='GUARD(Sheet.6!Height*1-17MM*Sheet.6!User.AntiScale)'/><Cell N='Width' V='2.1225' U='IN' F='GUARD(Sheet.6!Width*0.4245)'/><Cell N='Height' V='0.3823267716535433' U='MM' F='GUARD(9.7111MM*Sheet.6!User.AntiScale)'/><Cell N='LocPinX' V='1.06125' U='IN' F='Width*0.5'/><Cell N='LocPinY' V='0.1911633858267716' U='MM' F='Height*0.5'/><Cell N='Angle' V='0'/><Cell N='FlipX' V='0'/><Cell N='FlipY' V='0'/><Cell N='ResizeMode' V='0'/><Cell N='EventDblClick' V='0' F='OPENTEXTWIN()'/><Cell N='LineColor' V='#1f477d' F='THEMEVAL("LineColor")'/><Cell N='LinePattern' V='0' F='THEMEGUARD(0)'/><Cell N='Rounding' V='0' U='MM' F='THEMEVAL("LineRounding",0MM)'/><Cell N='LangID' V='en-US' F='Inh'/><Cell N='FillForegnd' V='#96afcf' F='THEMEVAL("FillColor")'/><Cell N='FillBkgnd' V='#bfcee1' F='THEMEVAL("FillColor2")'/><Cell N='FillPattern' V='0' F='THEMEGUARD(0)'/><Cell N='ShdwForegnd' V='#464646' F='THEMEVAL("ShadowColor")'/><Cell N='ShdwPattern' V='0' F='THEMEGUARD(0)'/><Cell N='VerticalAlign' V='0'/><Cell N='DefaultTabStop' V='0.5'/><Cell N='DisplayLevel' V='-32768' F='-32768+DEPENDSON(0)'/><Cell N='Copyright' V='Copyright (c) 2012 Microsoft Corporation.  All rights reserved.'/><Cell N='FillGradientEnabled' V='0' F='THEMEGUARD(FALSE)'/><Cell N='QuickStyleLineColor' V='101'/><Cell N='QuickStyleFillColor' V='101'/><Cell N='QuickStyleShadowColor' V='101'/><Cell N='QuickStyleFontColor' V='101'/><Cell N='QuickStyleLineMatrix' V='101'/><Cell N='QuickStyleFillMatrix' V='101'/><Cell N='QuickStyleEffectsMatrix' V='0' F='GUARD(0)'/><Cell N='QuickStyleFontMatrix' V='101'/><Section N='Character'><Row IX='0'><Cell N='Font' V='Calibri' F='THEMEVAL("LatinFont",4)'/><Cell N='Color' V='0' F='IF(LUM(THEMEVAL())&gt;205,THEMEVAL(QuickStyleFillColor,0),THEMEVAL("TextColor",0))'/><Cell N='Size' V='0.1944444444444444' U='PT'/><Cell N='AsianFont' V='0' F='THEMEVAL("AsianFont",0)'/><Cell N='ComplexScriptFont' V='0' F='THEMEVAL("ComplexFont",0)'/></Row></Section><Section N='Paragraph'><Row IX='0'><Cell N='SpLine' V='-1'/><Cell N='HorzAlign' V='0'/></Row></Section><Section N='Field'><Row IX='0'><Cell N='Value' V='2017-04-05T17:42:16' U='DATE' F='DOCLASTSAVE()'/><Cell N='Format' V='{&lt;202&gt;}' U='STR' F='FIELDPICTURE(202)'/><Cell N='Type' V='5'/><Cell N='UICat' V='0' F='No Formula'/><Cell N='UICod' V='0' F='No Formula'/><Cell N='UIFmt' V='0' F='No Formula'/><Cell N='Calendar' V='0'/><Cell N='ObjectKind' V='0'/></Row></Section><Section N='Geometry' IX='0'><Cell N='NoFill' V='0'/><Cell N='NoLine' V='0'/><Cell N='NoShow' V='0'/><Cell N='NoSnap' V='0'/><Cell N='NoQuickDrag' V='0' F='No Formula'/><Row T='MoveTo' IX='1'><Cell N='X' V='0' U='IN' F='Width*0'/><Cell N='Y' V='0' U='MM' F='Height*0'/></Row><Row T='LineTo' IX='2'><Cell N='X' V='2.1225' U='IN' F='Width*1'/><Cell N='Y' V='0' U='MM' F='Height*0'/></Row><Row T='LineTo' IX='3'><Cell N='X' V='2.1225' U='IN' F='Width*1'/><Cell N='Y' V='0.3823267716535433' U='MM' F='Height*1'/></Row><Row T='LineTo' IX='4'><Cell N='X' V='0' U='IN' F='Width*0'/><Cell N='Y' V='0.3823267716535433' U='MM' F='Height*1'/></Row><Row T='LineTo' IX='5'><Cell N='X' V='0' U='IN' F='Width*0'/><Cell N='Y' V='0' U='MM' F='Height*0'/></Row></Section><Text><cp IX='0'/><pp IX='0'/><fld IX='0'>April 5, 2017</fld>
</Text></Shape><Shape ID='15' Type='Shape' LineStyle='1' FillStyle='1' TextStyle='3'><Cell N='PinX' V='2.402' U='IN' F='GUARD(Sheet.6!Width*0.4804)'/><Cell N='PinY' V='3.75' U='IN' F='GUARD(Sheet.6!Height)'/><Cell N='Width' V='4.531' U='IN' F='GUARD(Sheet.6!Width*0.9062)'/><Cell N='Height' V='0.4610433070866142' U='MM' F='GUARD(11.7105MM*Sheet.6!User.AntiScale)'/><Cell N='LocPinX' V='2.2655' U='IN' F='Width*0.5'/><Cell N='LocPinY' V='0.4610433070866142' U='MM' F='Height'/><Cell N='Angle' V='0'/><Cell N='FlipX' V='0'/><Cell N='FlipY' V='0'/><Cell N='ResizeMode' V='0'/><Cell N='EventDblClick' V='0' F='OPENTEXTWIN()'/><Cell N='LineColor' V='#1f477d' F='THEMEVAL("LineColor")'/><Cell N='LinePattern' V='0' F='THEMEGUARD(0)'/><Cell N='Rounding' V='0' U='MM' F='THEMEVAL("LineRounding",0MM)'/><Cell N='LangID' V='en-US' F='Inh'/><Cell N='FillForegnd' V='#96afcf' F='THEMEVAL("FillColor")'/><Cell N='FillBkgnd' V='#bfcee1' F='THEMEVAL("FillColor2")'/><Cell N='FillPattern' V='0' F='THEMEGUARD(0)'/><Cell N='ShdwForegnd' V='#464646' F='THEMEVAL("ShadowColor")'/><Cell N='ShdwPattern' V='0' F='THEMEGUARD(0)'/><Cell N='VerticalAlign' V='0'/><Cell N='DefaultTabStop' V='0.5'/><Cell N='DisplayLevel' V='-32768' F='-32768+DEPENDSON(0)'/><Cell N='Copyright' V='Copyright (c) 2012 Microsoft Corporation.  All rights reserved.'/><Cell N='FillGradientEnabled' V='0' F='THEMEGUARD(FALSE)'/><Cell N='QuickStyleLineColor' V='101'/><Cell N='QuickStyleFillColor' V='101'/><Cell N='QuickStyleShadowColor' V='101'/><Cell N='QuickStyleFontColor' V='101'/><Cell N='QuickStyleLineMatrix' V='101'/><Cell N='QuickStyleFillMatrix' V='101'/><Cell N='QuickStyleEffectsMatrix' V='0' F='GUARD(0)'/><Cell N='QuickStyleFontMatrix' V='101'/><Section N='Character'><Row IX='0'><Cell N='Font' V='Calibri' F='THEMEVAL("LatinFont",4)'/><Cell N='Color' V='0' F='IF(LUM(THEMEVAL())&gt;205,THEMEVAL(QuickStyleFillColor,0),THEMEVAL("TextColor",0))'/><Cell N='Size' V='0.3333333333333333' U='PT'/><Cell N='AsianFont' V='0' F='THEMEVAL("AsianFont",0)'/><Cell N='ComplexScriptFont' V='0' F='THEMEVAL("ComplexFont",0)'/></Row></Section><Section N='Paragraph'><Row IX='0'><Cell N='SpLine' V='-1'/><Cell N='HorzAlign' V='0'/></Row></Section><Section N='Geometry' IX='0'><Cell N='NoFill' V='0'/><Cell N='NoLine' V='0'/><Cell N='NoShow' V='0'/><Cell N='NoSnap' V='0'/><Cell N='NoQuickDrag' V='0' F='No Formula'/><Row T='MoveTo' IX='1'><Cell N='X' V='0' U='IN' F='Width*0'/><Cell N='Y' V='0' U='MM' F='Height*0'/></Row><Row T='LineTo' IX='2'><Cell N='X' V='4.531' U='IN' F='Width*1'/><Cell N='Y' V='0' U='MM' F='Height*0'/></Row><Row T='LineTo' IX='3'><Cell N='X' V='4.531' U='IN' F='Width*1'/><Cell N='Y' V='0.4610433070866142' U='MM' F='Height*1'/></Row><Row T='LineTo' IX='4'><Cell N='X' V='0' U='IN' F='Width*0'/><Cell N='Y' V='0.4610433070866142' U='MM' F='Height*1'/></Row><Row T='LineTo' IX='5'><Cell N='X' V='0' U='IN' F='Width*0'/><Cell N='Y' V='0' U='MM' F='Height*0'/></Row></Section><Text><cp IX='0'/><pp IX='0'/>Title
</Text></Shape></Shapes></Shape></Shapes></MasterContents>