<?xml version='1.0' encoding='utf-8' ?>
<MasterContents xmlns='http://schemas.microsoft.com/office/visio/2012/main' xmlns:r='http://schemas.openxmlformats.org/officeDocument/2006/relationships' xml:space='preserve'><Shapes><Shape ID='5' Type='Shape' LineStyle='21' FillStyle='21' TextStyle='21' UniqueID='{0CE4C661-1FDE-49B9-A9D7-61C4C80F7F54}'><Cell N='PinX' V='1.968503937007874' U='MM'/><Cell N='PinY' V='1.968503937007874' U='MM'/><Cell N='Width' V='1.181102362204725' U='MM'/><Cell N='Height' V='1.181102362204725' U='MM'/><Cell N='LocPinX' V='0.5905511811023623' U='MM' F='Width*0.5'/><Cell N='LocPinY' V='0.5905511811023623' U='MM' F='Height*0.5'/><Cell N='Angle' V='0' U='DEG'/><Cell N='FlipX' V='0'/><Cell N='FlipY' V='0'/><Cell N='ResizeMode' V='0'/><Cell N='EventDblClick' V='0' F='OPENTEXTWIN()'/><Cell N='HelpTopic' V='Vis_SBl.chm!#45880'/><Cell N='Copyright' V='Copyright (c) 2012 Microsoft Corporation.  All rights reserved.'/><Cell N='ShapeSplit' V='1'/><Section N='Connection'><Row IX='0'><Cell N='X' V='0.5905511811023623' U='MM' F='Width*0.5'/><Cell N='Y' V='1.181102362204725' U='MM' F='Height*1'/><Cell N='DirX' V='0'/><Cell N='DirY' V='-1'/><Cell N='Type' V='0' F='No Formula'/><Cell N='AutoGen' V='0' F='No Formula'/><Cell N='Prompt' V='' F='No Formula'/></Row><Row IX='1'><Cell N='X' V='0.5905511811023623' U='MM' F='Width*0.5'/><Cell N='Y' V='0.5905511811023623' U='MM' F='Height*0.5'/><Cell N='DirX' V='0'/><Cell N='DirY' V='1'/><Cell N='Type' V='0' F='No Formula'/><Cell N='AutoGen' V='0' F='No Formula'/><Cell N='Prompt' V='' F='No Formula'/></Row><Row IX='2'><Cell N='X' V='0' U='MM' F='Width*0'/><Cell N='Y' V='0.5905511811023623' U='MM' F='Height*0.5'/><Cell N='DirX' V='1'/><Cell N='DirY' V='0'/><Cell N='Type' V='0' F='No Formula'/><Cell N='AutoGen' V='0' F='No Formula'/><Cell N='Prompt' V='' F='No Formula'/></Row><Row IX='3'><Cell N='X' V='0.5905511811023623' U='MM' F='Width*0.5'/><Cell N='Y' V='0' U='MM' F='Height*0'/><Cell N='DirX' V='0'/><Cell N='DirY' V='1'/><Cell N='Type' V='0' F='No Formula'/><Cell N='AutoGen' V='0' F='No Formula'/><Cell N='Prompt' V='' F='No Formula'/></Row><Row IX='4'><Cell N='X' V='1.181102362204725' U='MM' F='Width*1'/><Cell N='Y' V='0.5905511811023623' U='MM' F='Height*0.5'/><Cell N='DirX' V='-1'/><Cell N='DirY' V='0'/><Cell N='Type' V='0' F='No Formula'/><Cell N='AutoGen' V='0' F='No Formula'/><Cell N='Prompt' V='' F='No Formula'/></Row></Section><Section N='User'><Row N='visVersion'><Cell N='Value' V='15'/><Cell N='Prompt' V='' F='No Formula'/></Row></Section><Section N='Geometry' IX='0'><Cell N='NoFill' V='0'/><Cell N='NoLine' V='0'/><Cell N='NoShow' V='0'/><Cell N='NoSnap' V='0' F='No Formula'/><Cell N='NoQuickDrag' V='0' F='No Formula'/><Row T='MoveTo' IX='1'><Cell N='X' V='0' U='MM' F='Width*0'/><Cell N='Y' V='0.5905511811023623' U='MM' F='Height*0.5'/></Row><Row T='EllipticalArcTo' IX='2'><Cell N='X' V='1.181102362204725' U='MM' F='Width*1'/><Cell N='Y' V='0.5905511811023623' U='MM' F='Height*0.5'/><Cell N='A' V='0.5905511811023623' U='MM' F='Width*0.5'/><Cell N='B' V='1.181102362204725' U='MM' F='Height*1'/><Cell N='C' V='0' U='DA'/><Cell N='D' V='1' F='Width/Height*1'/></Row><Row T='EllipticalArcTo' IX='3'><Cell N='X' V='0' U='MM' F='Geometry1.X1'/><Cell N='Y' V='0.5905511811023623' U='MM' F='Geometry1.Y1'/><Cell N='A' V='0.5905511811023623' U='MM' F='Width*0.5'/><Cell N='B' V='0' U='MM' F='Height*0'/><Cell N='C' V='0' U='DA'/><Cell N='D' V='1' F='Width/Height*1'/></Row></Section></Shape></Shapes></MasterContents>