<?xml version='1.0' encoding='utf-8' ?>
<MasterContents xmlns='http://schemas.microsoft.com/office/visio/2012/main' xmlns:r='http://schemas.openxmlformats.org/officeDocument/2006/relationships' xml:space='preserve'><Shapes><Shape ID='6' Type='Shape' LineStyle='8' FillStyle='8' TextStyle='8'><Cell N='PinX' V='0.78986220472439' F='(BeginX+EndX)/2'/><Cell N='PinY' V='0.62992125984252' F='(BeginY+EndY)/2'/><Cell N='Width' V='0.79232283464563' F='SQRT((EndX-BeginX)^2+(EndY-BeginY)^2)'/><Cell N='Height' V='0.098425196850394' U='MM' F='GUARD(Controls.Row_2.Y)'/><Cell N='LocPinX' V='0.39616141732282' F='Width*0.5'/><Cell N='LocPinY' V='0' U='MM' F='GUARD(Height*IF(User.NumLines=3,0.5,0))'/><Cell N='Angle' V='0' F='ATAN2(EndY-BeginY,EndX-BeginX)'/><Cell N='FlipX' V='0'/><Cell N='FlipY' V='0'/><Cell N='ResizeMode' V='0'/><Cell N='BeginX' V='0.39370078740157'/><Cell N='BeginY' V='0.62992125984252'/><Cell N='EndX' V='1.1860236220472'/><Cell N='EndY' V='0.62992125984252'/><Cell N='TxtPinX' V='0.39616141732282' F='Controls.Row_1'/><Cell N='TxtPinY' V='-0.06388888888888888' F='Controls.Row_1.Y'/><Cell N='TxtWidth' V='0.8333333333333333' U='PT' F='GUARD(MAX(TEXTWIDTH(TheText),10*Char.Size))'/><Cell N='TxtHeight' V='0.1277777777777778' F='IF(TextDirection=1,TEXTWIDTH(TheText),TEXTHEIGHT(TheText,TEXTWIDTH(TheText)))'/><Cell N='TxtLocPinX' V='0.41666666666667' U='PT' F='TxtWidth*0.5'/><Cell N='TxtLocPinY' V='0.06388888888888888' F='TxtHeight*0.5'/><Cell N='TxtAngle' V='0' F='IF(Angle=0,0,180DEG)'/><Cell N='LockHeight' V='1'/><Cell N='LockRotate' V='1'/><Cell N='LockGroup' V='1'/><Cell N='LockCalcWH' V='1'/><Cell N='LockThemeEffects' V='1'/><Cell N='EventDblClick' V='0' F='OPENTEXTWIN()'/><Cell N='ObjType' V='1'/><Cell N='HelpTopic' V='Vis_TGEE.chm!#60928'/><Cell N='Copyright' V='Copyright (c) 2012 Microsoft Corporation.  All rights reserved.'/><Cell N='LayerMember' V='0'/><Cell N='TextBkgnd' V='#ffffff' F='THEMEGUARD(THEMEVAL("BackgroundColor")+1)'/><Cell N='QuickStyleLineMatrix' V='1'/><Cell N='QuickStyleFillMatrix' V='1'/><Cell N='QuickStyleEffectsMatrix' V='1'/><Cell N='QuickStyleFontMatrix' V='1'/><Cell N='EffectSchemeIndex' V='0'/><Section N='Connection'><Row IX='0'><Cell N='X' V='0'/><Cell N='Y' V='0' U='MM' F='Geometry1.Y1'/><Cell N='DirX' V='0.039370078740157' U='MM'/><Cell N='DirY' V='0' U='MM'/><Cell N='Type' V='0' F='No Formula'/><Cell N='AutoGen' V='0' F='No Formula'/><Cell N='Prompt' V='' F='No Formula'/></Row><Row IX='1'><Cell N='X' V='0'/><Cell N='Y' V='0.098425196850394' U='MM' F='Geometry2.Y1'/><Cell N='DirX' V='0.039370078740157' U='MM'/><Cell N='DirY' V='0' U='MM'/><Cell N='Type' V='0' F='No Formula'/><Cell N='AutoGen' V='0' F='No Formula'/><Cell N='Prompt' V='' F='No Formula'/></Row><Row IX='2'><Cell N='X' V='0'/><Cell N='Y' V='0' U='MM' F='Geometry3.Y1'/><Cell N='DirX' V='0.039370078740157' U='MM'/><Cell N='DirY' V='0' U='MM'/><Cell N='Type' V='0' F='No Formula'/><Cell N='AutoGen' V='0' F='No Formula'/><Cell N='Prompt' V='' F='No Formula'/></Row><Row IX='3'><Cell N='X' V='0'/><Cell N='Y' V='0' U='MM' F='Geometry4.Y1'/><Cell N='DirX' V='0.039370078740157' U='MM'/><Cell N='DirY' V='0' U='MM'/><Cell N='Type' V='0' F='No Formula'/><Cell N='AutoGen' V='0' F='No Formula'/><Cell N='Prompt' V='' F='No Formula'/></Row><Row IX='4'><Cell N='X' V='0'/><Cell N='Y' V='0' U='MM' F='Geometry5.Y1'/><Cell N='DirX' V='0.039370078740157' U='MM'/><Cell N='DirY' V='0' U='MM'/><Cell N='Type' V='0' F='No Formula'/><Cell N='AutoGen' V='0' F='No Formula'/><Cell N='Prompt' V='' F='No Formula'/></Row><Row IX='5'><Cell N='X' V='0'/><Cell N='Y' V='0' U='MM' F='Geometry6.Y1'/><Cell N='DirX' V='0.039370078740157' U='MM'/><Cell N='DirY' V='0' U='MM'/><Cell N='Type' V='0' F='No Formula'/><Cell N='AutoGen' V='0' F='No Formula'/><Cell N='Prompt' V='' F='No Formula'/></Row><Row IX='6'><Cell N='X' V='0'/><Cell N='Y' V='0' U='MM' F='Geometry7.Y1'/><Cell N='DirX' V='0.039370078740157' U='MM'/><Cell N='DirY' V='0' U='MM'/><Cell N='Type' V='0' F='No Formula'/><Cell N='AutoGen' V='0' F='No Formula'/><Cell N='Prompt' V='' F='No Formula'/></Row><Row IX='7'><Cell N='X' V='0' U='MM'/><Cell N='Y' V='0' U='MM' F='Geometry8.Y1'/><Cell N='DirX' V='0.039370078740157' U='MM'/><Cell N='DirY' V='0' U='MM'/><Cell N='Type' V='0' F='No Formula'/><Cell N='AutoGen' V='0' F='No Formula'/><Cell N='Prompt' V='' F='No Formula'/></Row><Row IX='8'><Cell N='X' V='0.79232283464563' F='Width'/><Cell N='Y' V='0' U='MM' F='Geometry1.Y1'/><Cell N='DirX' V='-1'/><Cell N='DirY' V='0' U='MM'/><Cell N='Type' V='0' F='No Formula'/><Cell N='AutoGen' V='0'/><Cell N='Prompt' V='' F='No Formula'/></Row><Row IX='9'><Cell N='X' V='0.79232283464563' F='Width'/><Cell N='Y' V='0.098425196850394' U='MM' F='Geometry2.Y1'/><Cell N='DirX' V='-1'/><Cell N='DirY' V='0' U='MM'/><Cell N='Type' V='0' F='No Formula'/><Cell N='AutoGen' V='0'/><Cell N='Prompt' V='' F='No Formula'/></Row><Row IX='10'><Cell N='X' V='0.79232283464563' F='Width'/><Cell N='Y' V='0' U='MM' F='Geometry3.Y1'/><Cell N='DirX' V='-1'/><Cell N='DirY' V='0' U='MM'/><Cell N='Type' V='0' F='No Formula'/><Cell N='AutoGen' V='0'/><Cell N='Prompt' V='' F='No Formula'/></Row><Row IX='11'><Cell N='X' V='0.79232283464563' F='Width'/><Cell N='Y' V='0' U='MM' F='Geometry4.Y1'/><Cell N='DirX' V='-1'/><Cell N='DirY' V='0' U='MM'/><Cell N='Type' V='0' F='No Formula'/><Cell N='AutoGen' V='0'/><Cell N='Prompt' V='' F='No Formula'/></Row><Row IX='12'><Cell N='X' V='0.79232283464563' F='Width'/><Cell N='Y' V='0' U='MM' F='Geometry5.Y1'/><Cell N='DirX' V='-1'/><Cell N='DirY' V='0' U='MM'/><Cell N='Type' V='0' F='No Formula'/><Cell N='AutoGen' V='0'/><Cell N='Prompt' V='' F='No Formula'/></Row><Row IX='13'><Cell N='X' V='0.79232283464563' F='Width'/><Cell N='Y' V='0' U='MM' F='Geometry6.Y1'/><Cell N='DirX' V='-1'/><Cell N='DirY' V='0' U='MM'/><Cell N='Type' V='0' F='No Formula'/><Cell N='AutoGen' V='0'/><Cell N='Prompt' V='' F='No Formula'/></Row><Row IX='14'><Cell N='X' V='0.79232283464563' F='Width'/><Cell N='Y' V='0' U='MM' F='Geometry7.Y1'/><Cell N='DirX' V='-1'/><Cell N='DirY' V='0' U='MM'/><Cell N='Type' V='0' F='No Formula'/><Cell N='AutoGen' V='0'/><Cell N='Prompt' V='' F='No Formula'/></Row><Row IX='15'><Cell N='X' V='0.79232283464563' F='Width'/><Cell N='Y' V='0' U='MM' F='Geometry8.Y1'/><Cell N='DirX' V='-0.039370078740157' U='MM'/><Cell N='DirY' V='0' U='MM'/><Cell N='Type' V='0' F='No Formula'/><Cell N='AutoGen' V='0'/><Cell N='Prompt' V='' F='No Formula'/></Row></Section><Section N='Control'><Row N='Row_1'><Cell N='X' V='0.39616141732282' F='Width/2'/><Cell N='Y' V='-0.06388888888888888' F='-TxtHeight/2'/><Cell N='XDyn' V='0.39616141732282' F='Width/2'/><Cell N='YDyn' V='0.049212598425197' U='MM' F='Height/2'/><Cell N='XCon' V='7' F='(Controls.Row_1&gt;Width/2)*2+2+IF(OR(HideText,STRSAME(SHAPETEXT(TheText),"")),5,0)'/><Cell N='YCon' V='2' F='(Controls.Row_1.Y&gt;Height/2)*2+2'/><Cell N='CanGlue' V='0'/><Cell N='Prompt' V='Reposition Text'/></Row><Row N='Row_2'><Cell N='X' V='0.19808070972896' F='Width*0.25000000134737'/><Cell N='Y' V='0.098425196850394' U='MM' F='2.5MM*ThePage!DrawingScale/ThePage!PageScale'/><Cell N='XDyn' V='0.19808070972896' F='Controls.Row_2'/><Cell N='YDyn' V='0' U='MM' F='Height*0'/><Cell N='XCon' V='1'/><Cell N='YCon' V='2'/><Cell N='CanGlue' V='0'/><Cell N='Prompt' V='Change Line Spacing'/></Row></Section><Section N='User'><Row N='Row_1'><Cell N='Value' V='0' F='No Formula'/><Cell N='Prompt' V='' F='No Formula'/></Row><Row N='visDescription'><Cell N='Value' V='4-channel bus elbow. Adjust height handle to control line spacing.' U='STR'/><Cell N='Prompt' V='' F='No Formula'/></Row><Row N='visVersion'><Cell N='Value' V='15'/><Cell N='Prompt' V='' F='No Formula'/></Row><Row N='YSpacing'><Cell N='Value' V='0.098425196850394' U='MM' F='MIN(MAX(0,Controls.Row_2.Y),Height)/(User.NumLines-1)'/><Cell N='Prompt' V='' F='No Formula'/></Row><Row N='NumLines'><Cell N='Value' V='2' U='STR' F='Prop.NumLines'/><Cell N='Prompt' V='' F='No Formula'/></Row></Section><Section N='Property'><Row N='Label'><Cell N='Value' V='' U='STR'/><Cell N='Prompt' V='' F='No Formula'/><Cell N='Label' V='Label'/><Cell N='Format' V='@'/><Cell N='SortKey' V='1'/><Cell N='Type' V='0'/><Cell N='Invisible' V='0' F='No Formula'/><Cell N='Verify' V='0' F='No Formula'/><Cell N='DataLinked' V='0' F='No Formula'/><Cell N='LangID' V='en-US'/><Cell N='Calendar' V='0' F='No Formula'/></Row><Row N='NumLines'><Cell N='Value' V='2' U='STR' F='INDEX(0,Prop.NumLines.Format)'/><Cell N='Prompt' V='' F='No Formula'/><Cell N='Label' V='Number of lines'/><Cell N='Format' V='2;3;4;8'/><Cell N='SortKey' V='0'/><Cell N='Type' V='1'/><Cell N='Invisible' V='0' F='No Formula'/><Cell N='Verify' V='0' F='No Formula'/><Cell N='DataLinked' V='0' F='No Formula'/><Cell N='LangID' V='en-US'/><Cell N='Calendar' V='0' F='No Formula'/></Row></Section><Section N='Actions'><Row N='Row_1'><Cell N='Menu' V='Co&amp;nfigure 2-line bus...'/><Cell N='Action' V='0' F='DOCMD(1312)'/><Cell N='Checked' V='0' F='No Formula'/><Cell N='Disabled' V='0' F='No Formula'/><Cell N='ReadOnly' V='0' F='No Formula'/><Cell N='Invisible' V='0' F='No Formula'/><Cell N='BeginGroup' V='0' F='No Formula'/><Cell N='FlyoutChild' V='0' F='No Formula'/><Cell N='TagName' V='' F='No Formula'/><Cell N='ButtonFace' V='' F='No Formula'/><Cell N='SortKey' V='' F='No Formula'/></Row></Section><Section N='Geometry' IX='0'><Cell N='NoFill' V='1'/><Cell N='NoLine' V='0' F='No Formula'/><Cell N='NoShow' V='0' F='No Formula'/><Cell N='NoSnap' V='0' F='No Formula'/><Cell N='NoQuickDrag' V='0' F='No Formula'/><Row T='MoveTo' IX='1'><Cell N='X' V='0' F='Width*0'/><Cell N='Y' V='0' U='MM' F='Height*0'/></Row><Row T='LineTo' IX='2'><Cell N='X' V='0.79232283464563' F='Width'/><Cell N='Y' V='0' U='MM' F='Geometry1.Y1'/></Row></Section><Section N='Geometry' IX='1'><Cell N='NoFill' V='1'/><Cell N='NoLine' V='0' F='No Formula'/><Cell N='NoShow' V='0' F='No Formula'/><Cell N='NoSnap' V='0' F='No Formula'/><Cell N='NoQuickDrag' V='0' F='No Formula'/><Row T='MoveTo' IX='1'><Cell N='X' V='0' F='Width*0'/><Cell N='Y' V='0.098425196850394' U='MM' F='User.YSpacing'/></Row><Row T='LineTo' IX='2'><Cell N='X' V='0.79232283464563' F='Width'/><Cell N='Y' V='0.098425196850394' U='MM' F='Geometry2.Y1'/></Row></Section><Section N='Geometry' IX='2'><Cell N='NoFill' V='1'/><Cell N='NoLine' V='0' F='No Formula'/><Cell N='NoShow' V='0' F='No Formula'/><Cell N='NoSnap' V='0' F='No Formula'/><Cell N='NoQuickDrag' V='0' F='No Formula'/><Row T='MoveTo' IX='1'><Cell N='X' V='0' F='Width*0'/><Cell N='Y' V='0' U='MM' F='User.YSpacing*IF(User.NumLines&gt;2,2,0)'/></Row><Row T='LineTo' IX='2'><Cell N='X' V='0.79232283464563' F='Width'/><Cell N='Y' V='0' U='MM' F='Geometry3.Y1'/></Row></Section><Section N='Geometry' IX='3'><Cell N='NoFill' V='1'/><Cell N='NoLine' V='0' F='No Formula'/><Cell N='NoShow' V='0' F='No Formula'/><Cell N='NoSnap' V='0' F='No Formula'/><Cell N='NoQuickDrag' V='0' F='No Formula'/><Row T='MoveTo' IX='1'><Cell N='X' V='0' F='Width*0'/><Cell N='Y' V='0' U='MM' F='User.YSpacing*IF(User.NumLines&gt;3,3,0)'/></Row><Row T='LineTo' IX='2'><Cell N='X' V='0.79232283464563' F='Width'/><Cell N='Y' V='0' U='MM' F='Geometry4.Y1'/></Row></Section><Section N='Geometry' IX='4'><Cell N='NoFill' V='1'/><Cell N='NoLine' V='0'/><Cell N='NoShow' V='0'/><Cell N='NoSnap' V='0'/><Cell N='NoQuickDrag' V='0' F='No Formula'/><Row T='MoveTo' IX='1'><Cell N='X' V='0' F='Width*0'/><Cell N='Y' V='0' U='MM' F='User.YSpacing*IF(User.NumLines&gt;4,4,0)'/></Row><Row T='LineTo' IX='2'><Cell N='X' V='0.79232283464563' F='Width'/><Cell N='Y' V='0' U='MM' F='Geometry5.Y1'/></Row></Section><Section N='Geometry' IX='5'><Cell N='NoFill' V='1'/><Cell N='NoLine' V='0'/><Cell N='NoShow' V='0'/><Cell N='NoSnap' V='0'/><Cell N='NoQuickDrag' V='0' F='No Formula'/><Row T='MoveTo' IX='1'><Cell N='X' V='0' F='Width*0'/><Cell N='Y' V='0' U='MM' F='User.YSpacing*IF(User.NumLines&gt;4,5,0)'/></Row><Row T='LineTo' IX='2'><Cell N='X' V='0.79232283464563' F='Width'/><Cell N='Y' V='0' U='MM' F='Geometry6.Y1'/></Row></Section><Section N='Geometry' IX='6'><Cell N='NoFill' V='1'/><Cell N='NoLine' V='0'/><Cell N='NoShow' V='0'/><Cell N='NoSnap' V='0'/><Cell N='NoQuickDrag' V='0' F='No Formula'/><Row T='MoveTo' IX='1'><Cell N='X' V='0' F='Width*0'/><Cell N='Y' V='0' U='MM' F='User.YSpacing*IF(User.NumLines&gt;4,6,0)'/></Row><Row T='LineTo' IX='2'><Cell N='X' V='0.79232283464563' F='Width'/><Cell N='Y' V='0' U='MM' F='Geometry7.Y1'/></Row></Section><Section N='Geometry' IX='7'><Cell N='NoFill' V='1'/><Cell N='NoLine' V='0'/><Cell N='NoShow' V='0'/><Cell N='NoSnap' V='0'/><Cell N='NoQuickDrag' V='0' F='No Formula'/><Row T='MoveTo' IX='1'><Cell N='X' V='0' F='Width*0'/><Cell N='Y' V='0' U='MM' F='User.YSpacing*IF(User.NumLines&gt;4,7,0)'/></Row><Row T='LineTo' IX='2'><Cell N='X' V='0.79232283464563' F='Width'/><Cell N='Y' V='0' U='MM' F='Geometry8.Y1'/></Row></Section><Text><cp IX='0'/></Text></Shape></Shapes></MasterContents>