<?xml version='1.0' encoding='utf-8' ?>
<MasterContents xmlns='http://schemas.microsoft.com/office/visio/2012/main' xmlns:r='http://schemas.openxmlformats.org/officeDocument/2006/relationships' xml:space='preserve'><Shapes><Shape ID='5' Type='Shape' LineStyle='7' FillStyle='6' TextStyle='6' UniqueID='{BA1BBE15-031E-4E42-98CD-3BE984B7E37A}'><Cell N='PinX' V='1.968503937007874' F='(BeginX+EndX)/2'/><Cell N='PinY' V='2.068503937007874' F='(BeginY+EndY)/2'/><Cell N='Width' V='0.984251968503937' F='SQRT((EndX-BeginX)^2+(EndY-BeginY)^2)'/><Cell N='Height' V='0'/><Cell N='LocPinX' V='0.4921259842519685' F='Width*0.5'/><Cell N='LocPinY' V='0'/><Cell N='Angle' V='0' F='ATAN2(EndY-BeginY,EndX-BeginX)'/><Cell N='FlipX' V='0'/><Cell N='FlipY' V='0'/><Cell N='ResizeMode' V='0'/><Cell N='BeginX' V='1.476377952755906'/><Cell N='BeginY' V='2.068503937007874'/><Cell N='EndX' V='2.460629921259843'/><Cell N='EndY' V='2.068503937007874'/><Cell N='NoCtlHandles' V='0' F='Actions.Row_1.Action'/><Cell N='NoAlignBox' V='1'/><Cell N='Comment' V='&lt;no master&gt;' F='INDEX(0,INDEX(0,MASTERNAME(),":"),".")'/><Cell N='LangID' V='en-US' F='Inh'/><Cell N='EventDblClick' V='0' F='OPENTEXTWIN()'/><Cell N='LockHeight' V='1'/><Cell N='LockVtxEdit' V='1'/><Cell N='LockCalcWH' V='1'/><Cell N='TxtPinX' V='0.4921259842519685' F='Width*0.5'/><Cell N='TxtPinY' V='-0.06666666666666667' F='-TxtHeight/2'/><Cell N='TxtWidth' V='0.984251968503937' F='MAX(Width,TEXTWIDTH(TheText))'/><Cell N='TxtHeight' V='0.1333333333333333' F='TEXTHEIGHT(TheText,TxtWidth)'/><Cell N='TxtLocPinX' V='0.4921259842519685' F='TxtWidth*0.5'/><Cell N='TxtLocPinY' V='0.06666666666666667' F='TxtHeight*0.5'/><Cell N='TxtAngle' V='0' F='GRAVITY(Angle,-60DEG,120DEG)'/><Cell N='HelpTopic' V='Vis_PE.chm!#45612'/><Cell N='Copyright' V='Copyright (c) 2012 Microsoft Corporation.  All rights reserved.'/><Cell N='TextBkgnd' V='#ffffff' F='THEMEGUARD(THEMEVAL("BackgroundColor")+1)'/><Cell N='QuickStyleLineMatrix' V='1'/><Cell N='QuickStyleFillMatrix' V='1'/><Cell N='QuickStyleEffectsMatrix' V='1'/><Cell N='QuickStyleFontMatrix' V='1'/><Cell N='QuickStyleType' V='1'/><Cell N='EffectSchemeIndex' V='0'/><Cell N='BevelTopType' V='0'/><Cell N='ReflectionSize' V='0'/><Cell N='GlowSize' V='0'/><Cell N='SoftEdgesSize' V='0'/><Cell N='LineColor' V='0' F='IF(LUM(THEMEVAL())&gt;205,THEMEVAL(QuickStyleFillColor,0),THEMEVAL("LineColor",0))'/><Cell N='LinePattern' V='1'/><Section N='Control'><Row N='Row_1'><Cell N='X' V='-0.1968503937007874' U='MM' F='-User.AntiScale*5MM'/><Cell N='Y' V='0'/><Cell N='XDyn' V='-0.1968503937007874' U='MM' F='Controls.Row_1'/><Cell N='YDyn' V='0' F='Controls.Row_1.Y'/><Cell N='XCon' V='2' F='IF(Controls.Row_1&lt;Width/2,2,4)'/><Cell N='YCon' V='1'/><Cell N='CanGlue' V='1'/><Cell N='Prompt' V='Reposition Endpoint'/></Row><Row N='Row_2'><Cell N='X' V='1.181102362204725' U='MM' F='Width+User.AntiScale*5MM'/><Cell N='Y' V='0'/><Cell N='XDyn' V='1.181102362204725' U='MM' F='Controls.Row_2'/><Cell N='YDyn' V='0' F='Controls.Row_2.Y'/><Cell N='XCon' V='4' F='IF(Controls.Row_2&lt;Width/2,2,4)'/><Cell N='YCon' V='1'/><Cell N='CanGlue' V='1'/><Cell N='Prompt' V='Reposition Endpoint' F='Controls.Row_1.Prompt'/></Row></Section><Section N='Connection'><Row IX='0'><Cell N='X' V='-0.1968503937007874' U='MM' F='Geometry1.X1'/><Cell N='Y' V='0'/><Cell N='DirX' V='0' F='No Formula'/><Cell N='DirY' V='0' F='No Formula'/><Cell N='Type' V='0' F='No Formula'/><Cell N='AutoGen' V='0' F='No Formula'/><Cell N='Prompt' V='' F='No Formula'/></Row><Row IX='1'><Cell N='X' V='1.181102362204725' U='MM' F='Geometry1.X2'/><Cell N='Y' V='0'/><Cell N='DirX' V='0' F='No Formula'/><Cell N='DirY' V='0' F='No Formula'/><Cell N='Type' V='0' F='No Formula'/><Cell N='AutoGen' V='0' F='No Formula'/><Cell N='Prompt' V='' F='No Formula'/></Row><Row IX='2'><Cell N='X' V='0'/><Cell N='Y' V='0'/><Cell N='DirX' V='0' F='No Formula'/><Cell N='DirY' V='0' F='No Formula'/><Cell N='Type' V='0' F='No Formula'/><Cell N='AutoGen' V='0' F='No Formula'/><Cell N='Prompt' V='' F='No Formula'/></Row><Row IX='3'><Cell N='X' V='0.984251968503937' F='Width'/><Cell N='Y' V='0'/><Cell N='DirX' V='0' F='No Formula'/><Cell N='DirY' V='0' F='No Formula'/><Cell N='Type' V='0' F='No Formula'/><Cell N='AutoGen' V='0' F='No Formula'/><Cell N='Prompt' V='' F='No Formula'/></Row></Section><Section N='Actions'><Row N='Row_1'><Cell N='Menu' V='Hide Co&amp;ntrol Handles' F='IF(NoCtlHandles=0,"Hide Co&amp;ntrol Handles","Show Co&amp;ntrol Handles")'/><Cell N='Action' V='0' F='NOT("Actions.Action")'/><Cell N='Checked' V='0' F='No Formula'/><Cell N='Disabled' V='0' F='No Formula'/><Cell N='ReadOnly' V='0' F='No Formula'/><Cell N='Invisible' V='0' F='No Formula'/><Cell N='BeginGroup' V='0' F='No Formula'/><Cell N='FlyoutChild' V='0' F='No Formula'/><Cell N='TagName' V='' F='No Formula'/><Cell N='ButtonFace' V='' F='No Formula'/><Cell N='SortKey' V='' F='No Formula'/></Row></Section><Section N='User'><Row N='AntiScale'><Cell N='Value' V='1' F='ThePage!DrawingScale/ThePage!PageScale'/><Cell N='Prompt' V='' F='No Formula'/></Row><Row N='visVersion'><Cell N='Value' V='15'/><Cell N='Prompt' V='' F='No Formula'/></Row></Section><Section N='Character'><Row IX='0'><Cell N='Color' V='0' F='IF(LUM(THEMEVAL())&gt;205,THEMEVAL(QuickStyleFillColor,0),THEMEVAL("TextColor",0))'/><Cell N='Size' V='0.1111111111111111' U='PT'/></Row></Section><Section N='Geometry' IX='0'><Cell N='NoFill' V='1'/><Cell N='NoLine' V='0'/><Cell N='NoShow' V='0'/><Cell N='NoSnap' V='0' F='No Formula'/><Cell N='NoQuickDrag' V='0' F='No Formula'/><Row T='MoveTo' IX='1'><Cell N='X' V='-0.1968503937007874' U='MM' F='MIN(Controls.Row_1,Controls.Row_2)'/><Cell N='Y' V='0'/></Row><Row T='LineTo' IX='2'><Cell N='X' V='1.181102362204725' U='MM' F='MAX(Controls.Row_1,Controls.Row_2)'/><Cell N='Y' V='0'/></Row></Section><Text><cp IX='0'/></Text></Shape></Shapes></MasterContents>