<?xml version='1.0' encoding='utf-8' ?>
<MasterContents xmlns='http://schemas.microsoft.com/office/visio/2012/main' xmlns:r='http://schemas.openxmlformats.org/officeDocument/2006/relationships' xml:space='preserve'><Shapes><Shape ID='6' Type='Shape' LineStyle='9' FillStyle='9' TextStyle='9' UniqueID='{159E8A32-3CDF-4C97-9F4E-B02D9FA0A664}'><Cell N='PinX' V='1.968503937007874' F='(BeginX+EndX)/2'/><Cell N='PinY' V='1.968503937007874' F='(BeginY+EndY)/2'/><Cell N='Width' V='1.181102362204724' F='SQRT((EndX-BeginX)^2+(EndY-BeginY)^2)'/><Cell N='Height' V='0' U='MM'/><Cell N='LocPinX' V='0.590551181102362' F='Width*0.5'/><Cell N='LocPinY' V='0' U='MM' F='Height*0.5'/><Cell N='Angle' V='0' F='ATAN2(EndY-BeginY,EndX-BeginX)'/><Cell N='FlipX' V='0'/><Cell N='FlipY' V='0'/><Cell N='ResizeMode' V='0'/><Cell N='BeginArrow' V='0' F='GUARD(0)'/><Cell N='EndArrow' V='0' F='GUARD(0)'/><Cell N='NoAlignBox' V='1'/><Cell N='GlueType' V='3'/><Cell N='WalkPreference' V='2'/><Cell N='BegTrigger' V='1' F='_XFTRIGGER(EventXFMod)'/><Cell N='EndTrigger' V='1' F='_XFTRIGGER(EventXFMod)'/><Cell N='NoLiveDynamics' V='1'/><Cell N='BeginX' V='1.377952755905512'/><Cell N='BeginY' V='1.968503937007874'/><Cell N='EndX' V='2.559055118110236'/><Cell N='EndY' V='1.968503937007874'/><Cell N='FillForegnd' V='0' F='GUARD(LineColor)'/><Cell N='EventDblClick' V='0' F='OPENTEXTWIN()'/><Cell N='LockHeight' V='1'/><Cell N='LockVtxEdit' V='1'/><Cell N='LockCalcWH' V='1'/><Cell N='TxtPinX' V='0.590551181102362' F='Width*0.5'/><Cell N='TxtPinY' V='0' U='MM' F='Height*0.5'/><Cell N='TxtWidth' V='1.181102362204724' F='Width*1'/><Cell N='TxtHeight' V='0' U='MM' F='Height*1'/><Cell N='TxtLocPinX' V='0.590551181102362' F='TxtWidth*0.5'/><Cell N='TxtLocPinY' V='0' U='MM' F='TxtHeight*0.5'/><Cell N='TxtAngle' V='0' F='GRAVITY(Angle,-60DEG,120DEG)'/><Cell N='HelpTopic' V='Vis_SBl.chm!#45911'/><Cell N='Copyright' V='Copyright (c) 2012 Microsoft Corporation.  All rights reserved.'/><Cell N='ShapeSplittable' V='1'/><Cell N='QuickStyleShadowColor' V='100'/><Section N='Actions'><Row N='Row_1'><Cell N='Menu' V='Points &amp;Left' F='IF(Scratch.B1=0,"Points &amp;Right","Points &amp;Left")'/><Cell N='Action' V='0' F='NOT(Scratch.B1)'/><Cell N='Checked' V='0' F='No Formula'/><Cell N='Disabled' V='0' F='No Formula'/><Cell N='ReadOnly' V='0' F='No Formula'/><Cell N='Invisible' V='0' F='No Formula'/><Cell N='BeginGroup' V='0' F='No Formula'/><Cell N='FlyoutChild' V='0' F='No Formula'/><Cell N='TagName' V='' F='No Formula'/><Cell N='ButtonFace' V='' F='No Formula'/><Cell N='SortKey' V='' F='No Formula'/></Row></Section><Section N='Scratch'><Row IX='0'><Cell N='X' V='0.05905511811023622' U='MM' F='MIN(Width/3,User.ControlX)'/><Cell N='Y' V='0.05905511811023622' U='MM' F='Scratch.X1/Scratch.A1'/><Cell N='A' V='1'/><Cell N='B' V='1' F='Actions.Row_1.Action'/><Cell N='C' V='2'/><Cell N='D' V='1' F='IF(Scratch.B1=1,1,-1)'/></Row><Row IX='1'><Cell N='X' V='0' F='No Formula'/><Cell N='Y' V='0.05905511811023622' U='MM' F='MIN(Width/2,Scratch.Y1)'/><Cell N='A' V='0' F='No Formula'/><Cell N='B' V='0' F='No Formula'/><Cell N='C' V='0' F='No Formula'/><Cell N='D' V='0' F='No Formula'/></Row></Section><Section N='Control'><Row N='Row_1'><Cell N='X' V='0.05905511811023622' U='MM' F='1.5MM*User.AntiScale'/><Cell N='Y' V='0'/><Cell N='XDyn' V='0.05905511811023622' U='MM' F='Controls.Row_1'/><Cell N='YDyn' V='0' F='Controls.Row_1.Y'/><Cell N='XCon' V='2' F='IF(Width=0,7,2)'/><Cell N='YCon' V='1'/><Cell N='CanGlue' V='0'/><Cell N='Prompt' V='Resize Dot and Arrowhead'/></Row></Section><Section N='Connection'><Row IX='0'><Cell N='X' V='0.590551181102362' F='Width/2'/><Cell N='Y' V='0' U='MM' F='Height/2'/><Cell N='DirX' V='0'/><Cell N='DirY' V='1'/><Cell N='Type' V='0' F='No Formula'/><Cell N='AutoGen' V='0' F='No Formula'/><Cell N='Prompt' V='' F='No Formula'/></Row></Section><Section N='User'><Row N='ControlX'><Cell N='Value' V='0.05905511811023622' U='MM' F='MAX(0,MIN(Width,Controls.Row_1))'/><Cell N='Prompt' V='' F='No Formula'/></Row><Row N='Scale'><Cell N='Value' V='1' F='ThePage!DrawingScale/ThePage!PageScale'/><Cell N='Prompt' V='' F='No Formula'/></Row><Row N='AntiScale'><Cell N='Value' V='1' F='IF(AND(User.Scale&gt;0.125,User.Scale&lt;8),1,User.Scale)'/><Cell N='Prompt' V='' F='No Formula'/></Row><Row N='visVersion'><Cell N='Value' V='15'/><Cell N='Prompt' V='' F='No Formula'/></Row></Section><Section N='Geometry' IX='0'><Cell N='NoFill' V='0'/><Cell N='NoLine' V='0'/><Cell N='NoShow' V='0'/><Cell N='NoSnap' V='0' F='No Formula'/><Cell N='NoQuickDrag' V='0' F='No Formula'/><Row T='MoveTo' IX='1'><Cell N='X' V='-0.05905511811023622' U='MM' F='(Scratch.B1=0)*Width-Scratch.Y2*Scratch.D1'/><Cell N='Y' V='0' U='MM' F='Height/2'/></Row><Row T='ArcTo' IX='2'><Cell N='X' V='0.05905511811023622' U='MM' F='Geometry1.X1+2*Scratch.Y2*Scratch.D1'/><Cell N='Y' V='0' U='MM' F='Geometry1.Y1'/><Cell N='A' V='0.05905511811023622' U='MM' F='Scratch.Y2'/></Row><Row T='ArcTo' IX='3'><Cell N='X' V='-0.05905511811023622' U='MM' F='Geometry1.X1'/><Cell N='Y' V='0' U='MM' F='Geometry1.Y1'/><Cell N='A' V='0.05905511811023622' U='MM' F='Geometry1.A2'/></Row></Section><Section N='Geometry' IX='1'><Cell N='NoFill' V='0'/><Cell N='NoLine' V='0'/><Cell N='NoShow' V='0'/><Cell N='NoSnap' V='0' F='No Formula'/><Cell N='NoQuickDrag' V='0' F='No Formula'/><Row T='MoveTo' IX='1'><Cell N='X' V='1.062992125984252' U='MM' F='Geometry2.X3-Scratch.D1*Scratch.X1*2'/><Cell N='Y' V='0.05905511811023622' U='MM' F='Height/2+Scratch.Y1'/></Row><Row T='LineTo' IX='2'><Cell N='X' V='1.062992125984252' U='MM' F='Geometry2.X1'/><Cell N='Y' V='-0.05905511811023622' U='MM' F='Height-Geometry2.Y1'/></Row><Row T='LineTo' IX='3'><Cell N='X' V='1.181102362204724' F='(Scratch.B1=1)*Width'/><Cell N='Y' V='0' U='MM' F='Height/2'/></Row><Row T='LineTo' IX='4'><Cell N='X' V='1.062992125984252' U='MM' F='Geometry2.X1'/><Cell N='Y' V='0.05905511811023622' U='MM' F='Geometry2.Y1'/></Row></Section><Section N='Geometry' IX='2'><Cell N='NoFill' V='1'/><Cell N='NoLine' V='0'/><Cell N='NoShow' V='0'/><Cell N='NoSnap' V='0' F='No Formula'/><Cell N='NoQuickDrag' V='0' F='No Formula'/><Row T='MoveTo' IX='1'><Cell N='X' V='0.05905511811023622' U='MM' F='Geometry1.X2'/><Cell N='Y' V='0' U='MM' F='Height*0.5'/></Row><Row T='LineTo' IX='2'><Cell N='X' V='1.062992125984252' U='MM' F='Geometry2.X1'/><Cell N='Y' V='0' U='MM' F='Height*0.5'/></Row></Section></Shape></Shapes></MasterContents>